Date;m3_d_mitterlug
01.01.2005;199.0
02.01.2005;230.0
03.01.2005;252.0
04.01.2005;272.0
05.01.2005;263.0
06.01.2005;266.0
07.01.2005;265.0
08.01.2005;255.0
09.01.2005;246.0
10.01.2005;236.0
11.01.2005;230.0
12.01.2005;227.0
13.01.2005;220.0
14.01.2005;217.0
15.01.2005;215.0
16.01.2005;211.0
17.01.2005;210.0
18.01.2005;209.0
19.01.2005;207.0
20.01.2005;217.0
21.01.2005;456.0
22.01.2005;362.0
23.01.2005;309.0
24.01.2005;286.0
25.01.2005;275.0
26.01.2005;264.0
27.01.2005;259.0
28.01.2005;253.0
29.01.2005;246.0
30.01.2005;242.0
31.01.2005;240.0
01.02.2005;239.0
02.02.2005;224.0
03.02.2005;240.0
04.02.2005;239.0
05.02.2005;238.0
06.02.2005;232.0
07.02.2005;228.0
08.02.2005;225.0
09.02.2005;226.0
10.02.2005;224.0
11.02.2005;256.0
12.02.2005;475.0
13.02.2005;584.0
14.02.2005;439.0
15.02.2005;391.0
16.02.2005;366.0
17.02.2005;348.0
18.02.2005;337.0
19.02.2005;330.0
20.02.2005;325.0
21.02.2005;318.0
22.02.2005;314.0
23.02.2005;306.0
24.02.2005;300.0
25.02.2005;298.0
26.02.2005;291.0
27.02.2005;289.0
28.02.2005;283.0
01.03.2005;278.0
02.03.2005;274.0
03.03.2005;273.0
04.03.2005;269.0
05.03.2005;267.0
06.03.2005;262.0
07.03.2005;259.0
08.03.2005;261.0
09.03.2005;257.0
10.03.2005;255.0
11.03.2005;256.0
12.03.2005;257.0
13.03.2005;255.0
14.03.2005;256.0
15.03.2005;256.0
16.03.2005;280.0
17.03.2005;333.0
18.03.2005;558.0
19.03.2005;698.0
20.03.2005;597.0
21.03.2005;498.0
22.03.2005;465.0
23.03.2005;450.0
24.03.2005;458.0
25.03.2005;458.0
26.03.2005;459.0
27.03.2005;452.0
28.03.2005;436.0
29.03.2005;423.0
30.03.2005;412.0
31.03.2005;397.0
01.04.2005;383.0
02.04.2005;376.0
03.04.2005;369.0
04.04.2005;363.0
05.04.2005;358.0
06.04.2005;358.0
07.04.2005;353.0
08.04.2005;350.0
09.04.2005;350.0
10.04.2005;347.0
11.04.2005;341.0
12.04.2005;339.0
13.04.2005;334.0
14.04.2005;330.0
15.04.2005;330.0
16.04.2005;325.0
17.04.2005;325.0
18.04.2005;332.0
19.04.2005;355.0
20.04.2005;430.0
21.04.2005;444.0
22.04.2005;395.0
23.04.2005;373.0
24.04.2005;361.0
25.04.2005;355.0
26.04.2005;365.0
27.04.2005;358.0
28.04.2005;351.0
29.04.2005;346.0
30.04.2005;343.0
01.05.2005;341.0
02.05.2005;333.0
03.05.2005;333.0
04.05.2005;331.0
05.05.2005;327.0
06.05.2005;332.0
07.05.2005;329.0
08.05.2005;355.0
09.05.2005;343.0
10.05.2005;341.0
11.05.2005;341.0
12.05.2005;340.0
13.05.2005;338.0
14.05.2005;334.0
15.05.2005;335.0
16.05.2005;331.0
17.05.2005;326.0
18.05.2005;346.0
19.05.2005;484.0
20.05.2005;399.0
21.05.2005;378.0
22.05.2005;369.0
23.05.2005;362.0
24.05.2005;358.0
25.05.2005;351.0
26.05.2005;347.0
27.05.2005;344.0
28.05.2005;340.0
29.05.2005;339.0
30.05.2005;351.0
31.05.2005;426.0
01.06.2005;384.0
02.06.2005;376.0
03.06.2005;366.0
04.06.2005;369.0
05.06.2005;367.0
06.06.2005;360.0
07.06.2005;399.0
08.06.2005;382.0
09.06.2005;391.0
10.06.2005;380.0
11.06.2005;375.0
12.06.2005;368.0
13.06.2005;363.0
14.06.2005;361.0
15.06.2005;355.0
16.06.2005;363.0
17.06.2005;354.0
18.06.2005;351.0
19.06.2005;348.0
20.06.2005;348.0
21.06.2005;343.0
22.06.2005;339.0
23.06.2005;340.0
24.06.2005;334.0
25.06.2005;333.0
26.06.2005;336.0
27.06.2005;326.0
28.06.2005;320.0
29.06.2005;320.0
30.06.2005;315.0
01.07.2005;316.0
02.07.2005;321.0
03.07.2005;320.0
04.07.2005;311.0
05.07.2005;324.0
06.07.2005;328.0
07.07.2005;326.0
08.07.2005;381.0
09.07.2005;358.0
10.07.2005;580.0
11.07.2005;551.0
12.07.2005;622.0
13.07.2005;527.0
14.07.2005;469.0
15.07.2005;435.0
16.07.2005;428.0
17.07.2005;415.0
18.07.2005;399.0
19.07.2005;391.0
20.07.2005;385.0
21.07.2005;377.0
22.07.2005;372.0
23.07.2005;369.0
24.07.2005;362.0
25.07.2005;358.0
26.07.2005;350.0
27.07.2005;346.0
28.07.2005;343.0
29.07.2005;337.0
30.07.2005;332.0
31.07.2005;331.0
01.08.2005;328.0
02.08.2005;324.0
03.08.2005;325.0
04.08.2005;326.0
05.08.2005;318.0
06.08.2005;319.0
07.08.2005;318.0
08.08.2005;314.0
09.08.2005;311.0
10.08.2005;307.0
11.08.2005;307.0
12.08.2005;300.0
13.08.2005;301.0
14.08.2005;303.0
15.08.2005;335.0
16.08.2005;517.0
17.08.2005;554.0
18.08.2005;485.0
19.08.2005;415.0
20.08.2005;384.0
21.08.2005;374.0
22.08.2005;373.0
23.08.2005;364.0
24.08.2005;369.0
25.08.2005;358.0
26.08.2005;349.0
27.08.2005;346.0
28.08.2005;339.0
29.08.2005;332.0
30.08.2005;330.0
31.08.2005;326.0
01.09.2005;321.0
02.09.2005;322.0
03.09.2005;320.0
04.09.2005;315.0
05.09.2005;314.0
06.09.2005;309.0
07.09.2005;306.0
08.09.2005;304.0
09.09.2005;303.0
10.09.2005;298.0
11.09.2005;302.0
12.09.2005;306.0
13.09.2005;299.0
14.09.2005;293.0
15.09.2005;293.0
16.09.2005;289.0
17.09.2005;321.0
18.09.2005;351.0
19.09.2005;317.0
20.09.2005;302.0
21.09.2005;300.0
22.09.2005;293.0
23.09.2005;289.0
24.09.2005;288.0
25.09.2005;284.0
26.09.2005;281.0
27.09.2005;300.0
28.09.2005;302.0
29.09.2005;304.0
30.09.2005;362.0
01.10.2005;330.0
02.10.2005;314.0
03.10.2005;305.0
04.10.2005;298.0
05.10.2005;293.0
06.10.2005;289.0
07.10.2005;286.0
08.10.2005;281.0
09.10.2005;279.0
10.10.2005;276.0
11.10.2005;276.0
12.10.2005;272.0
13.10.2005;269.0
14.10.2005;269.0
15.10.2005;267.0
16.10.2005;263.0
17.10.2005;264.0
18.10.2005;261.0
19.10.2005;259.0
20.10.2005;259.0
21.10.2005;257.0
22.10.2005;256.0
23.10.2005;254.0
24.10.2005;253.0
25.10.2005;250.0
26.10.2005;248.0
27.10.2005;248.0
28.10.2005;246.0
29.10.2005;247.0
30.10.2005;244.0
31.10.2005;244.0
01.11.2005;241.0
02.11.2005;241.0
03.11.2005;241.0
04.11.2005;242.0
05.11.2005;239.0
06.11.2005;239.0
07.11.2005;239.0
08.11.2005;237.0
09.11.2005;233.0
10.11.2005;232.0
11.11.2005;230.0
12.11.2005;232.0
13.11.2005;227.0
14.11.2005;228.0
15.11.2005;229.0
16.11.2005;228.0
17.11.2005;230.0
18.11.2005;228.0
19.11.2005;232.0
20.11.2005;230.0
21.11.2005;236.0
22.11.2005;235.0
23.11.2005;238.0
24.11.2005;240.0
25.11.2005;237.0
26.11.2005;233.0
27.11.2005;232.0
28.11.2005;232.0
29.11.2005;231.0
30.11.2005;229.0
01.12.2005;228.0
02.12.2005;226.0
03.12.2005;224.0
04.12.2005;224.0
05.12.2005;231.0
06.12.2005;269.0
07.12.2005;272.0
08.12.2005;267.0
09.12.2005;259.0
10.12.2005;254.0
11.12.2005;252.0
12.12.2005;250.0
13.12.2005;248.0
14.12.2005;246.0
15.12.2005;244.0
16.12.2005;312.0
17.12.2005;291.0
18.12.2005;249.0
19.12.2005;241.0
20.12.2005;238.0
21.12.2005;235.0
22.12.2005;234.0
23.12.2005;232.0
24.12.2005;230.0
25.12.2005;232.0
26.12.2005;233.0
27.12.2005;229.0
28.12.2005;226.0
29.12.2005;224.0
30.12.2005;222.0
31.12.2005;221.0
01.01.2006;220.0
02.01.2006;218.0
03.01.2006;215.0
04.01.2006;214.0
05.01.2006;213.0
06.01.2006;212.0
07.01.2006;211.0
08.01.2006;210.0
09.01.2006;209.0
10.01.2006;208.0
11.01.2006;207.0
12.01.2006;206.0
13.01.2006;205.0
14.01.2006;204.0
15.01.2006;204.0
16.01.2006;203.0
17.01.2006;203.0
18.01.2006;202.0
19.01.2006;196.0
20.01.2006;191.0
21.01.2006;194.0
22.01.2006;193.0
23.01.2006;188.0
24.01.2006;185.0
25.01.2006;185.0
26.01.2006;183.0
27.01.2006;181.0
28.01.2006;179.0
29.01.2006;178.0
30.01.2006;176.0
31.01.2006;175.0
01.02.2006;174.0
02.02.2006;172.0
03.02.2006;170.0
04.02.2006;169.0
05.02.2006;167.0
06.02.2006;165.0
07.02.2006;165.0
08.02.2006;166.0
09.02.2006;163.0
10.02.2006;161.0
11.02.2006;158.0
12.02.2006;157.0
13.02.2006;155.0
14.02.2006;153.0
15.02.2006;152.0
16.02.2006;156.0
17.02.2006;170.0
18.02.2006;165.0
19.02.2006;160.0
20.02.2006;159.0
21.02.2006;172.0
22.02.2006;169.0
23.02.2006;164.0
24.02.2006;162.0
25.02.2006;161.0
26.02.2006;160.0
27.02.2006;163.0
28.02.2006;162.0
01.03.2006;163.0
02.03.2006;164.0
03.03.2006;165.0
04.03.2006;166.0
05.03.2006;165.0
06.03.2006;166.0
07.03.2006;167.0
08.03.2006;166.0
09.03.2006;179.0
10.03.2006;211.0
11.03.2006;192.0
12.03.2006;178.0
13.03.2006;175.0
14.03.2006;176.0
15.03.2006;176.0
16.03.2006;177.0
17.03.2006;178.0
18.03.2006;178.0
19.03.2006;180.0
20.03.2006;181.0
21.03.2006;182.0
22.03.2006;184.0
23.03.2006;188.0
24.03.2006;189.0
25.03.2006;189.0
26.03.2006;285.0
27.03.2006;340.0
28.03.2006;326.0
29.03.2006;537.0
30.03.2006;386.0
31.03.2006;384.0
01.04.2006;383.0
02.04.2006;381.0
03.04.2006;385.0
04.04.2006;398.0
05.04.2006;396.0
06.04.2006;392.0
07.04.2006;399.0
08.04.2006;399.0
09.04.2006;390.0
10.04.2006;390.0
11.04.2006;371.0
12.04.2006;365.0
13.04.2006;354.0
14.04.2006;361.0
15.04.2006;362.0
16.04.2006;350.0
17.04.2006;364.0
18.04.2006;352.0
19.04.2006;345.0
20.04.2006;346.0
21.04.2006;344.0
22.04.2006;348.0
23.04.2006;349.0
24.04.2006;350.0
25.04.2006;349.0
26.04.2006;358.0
27.04.2006;364.0
28.04.2006;527.0
29.04.2006;660.0
30.04.2006;640.0
01.05.2006;620.0
02.05.2006;600.0
03.05.2006;590.0
04.05.2006;590.0
05.05.2006;590.0
06.05.2006;590.0
07.05.2006;584.0
08.05.2006;578.0
09.05.2006;572.0
10.05.2006;566.0
11.05.2006;560.0
12.05.2006;554.0
13.05.2006;548.0
14.05.2006;542.0
15.05.2006;536.0
16.05.2006;530.0
17.05.2006;529.0
18.05.2006;528.0
19.05.2006;530.0
20.05.2006;529.0
21.05.2006;527.0
22.05.2006;527.0
23.05.2006;525.0
24.05.2006;524.0
25.05.2006;521.0
26.05.2006;522.0
27.05.2006;527.0
28.05.2006;538.0
29.05.2006;544.0
30.05.2006;548.0
31.05.2006;548.0
01.06.2006;555.0
02.06.2006;543.0
03.06.2006;769.0
04.06.2006;666.0
05.06.2006;665.0
06.06.2006;631.0
07.06.2006;612.0
08.06.2006;598.0
09.06.2006;592.0
10.06.2006;592.0
11.06.2006;594.0
12.06.2006;597.0
13.06.2006;600.0
14.06.2006;603.0
15.06.2006;605.0
16.06.2006;607.0
17.06.2006;607.0
18.06.2006;609.0
19.06.2006;611.0
20.06.2006;610.0
21.06.2006;612.0
22.06.2006;612.0
23.06.2006;612.0
24.06.2006;612.0
25.06.2006;612.0
26.06.2006;611.0
27.06.2006;610.0
28.06.2006;611.0
29.06.2006;646.0
30.06.2006;640.0
01.07.2006;628.0
02.07.2006;632.0
03.07.2006;618.0
04.07.2006;615.0
05.07.2006;614.0
06.07.2006;614.0
07.07.2006;611.0
08.07.2006;613.0
09.07.2006;611.0
10.07.2006;609.0
11.07.2006;609.0
12.07.2006;607.0
13.07.2006;607.0
14.07.2006;605.0
15.07.2006;603.0
16.07.2006;602.0
17.07.2006;600.0
18.07.2006;599.0
19.07.2006;597.0
20.07.2006;594.0
21.07.2006;593.0
22.07.2006;591.0
23.07.2006;588.0
24.07.2006;586.0
25.07.2006;584.0
26.07.2006;582.0
27.07.2006;579.0
28.07.2006;536.0
29.07.2006;560.0
30.07.2006;569.0
31.07.2006;566.0
01.08.2006;566.0
02.08.2006;563.0
03.08.2006;564.0
04.08.2006;579.0
05.08.2006;569.0
06.08.2006;606.0
07.08.2006;777.0
08.08.2006;705.0
09.08.2006;620.0
10.08.2006;615.0
11.08.2006;605.0
12.08.2006;608.0
13.08.2006;613.0
14.08.2006;602.0
15.08.2006;601.0
16.08.2006;600.0
17.08.2006;599.0
18.08.2006;599.0
19.08.2006;599.0
20.08.2006;597.0
21.08.2006;600.0
22.08.2006;600.0
23.08.2006;598.0
24.08.2006;599.0
25.08.2006;598.0
26.08.2006;596.0
27.08.2006;595.0
28.08.2006;594.0
29.08.2006;593.0
30.08.2006;597.0
31.08.2006;597.0
01.09.2006;590.0
02.09.2006;589.0
03.09.2006;585.0
04.09.2006;583.0
05.09.2006;582.0
06.09.2006;580.0
07.09.2006;577.0
08.09.2006;610.0
09.09.2006;584.0
10.09.2006;575.0
11.09.2006;571.0
12.09.2006;568.0
13.09.2006;563.0
14.09.2006;561.0
15.09.2006;558.0
16.09.2006;555.0
17.09.2006;553.0
18.09.2006;551.0
19.09.2006;549.0
20.09.2006;547.0
21.09.2006;542.0
22.09.2006;538.0
23.09.2006;536.0
24.09.2006;535.0
25.09.2006;534.0
26.09.2006;531.0
27.09.2006;525.0
28.09.2006;523.0
29.09.2006;521.0
30.09.2006;519.0
01.10.2006;517.0
02.10.2006;514.0
03.10.2006;513.0
04.10.2006;512.0
05.10.2006;509.0
06.10.2006;508.0
07.10.2006;506.0
08.10.2006;502.0
09.10.2006;500.0
10.10.2006;498.0
11.10.2006;495.0
12.10.2006;492.0
13.10.2006;490.0
14.10.2006;487.0
15.10.2006;485.0
16.10.2006;482.0
17.10.2006;479.0
18.10.2006;477.0
19.10.2006;473.0
20.10.2006;471.0
21.10.2006;466.0
22.10.2006;464.0
23.10.2006;460.0
24.10.2006;458.0
25.10.2006;455.0
26.10.2006;449.0
27.10.2006;445.0
28.10.2006;444.0
29.10.2006;464.0
30.10.2006;453.0
31.10.2006;442.0
01.11.2006;436.0
02.11.2006;432.0
03.11.2006;427.0
04.11.2006;427.0
05.11.2006;486.0
06.11.2006;475.0
07.11.2006;432.0
08.11.2006;423.0
09.11.2006;420.0
10.11.2006;417.0
11.11.2006;417.0
12.11.2006;465.0
13.11.2006;475.0
14.11.2006;432.0
15.11.2006;419.0
16.11.2006;417.0
17.11.2006;414.0
18.11.2006;412.0
19.11.2006;411.0
20.11.2006;408.0
21.11.2006;409.0
22.11.2006;413.0
23.11.2006;421.0
24.11.2006;408.0
25.11.2006;406.0
26.11.2006;403.0
27.11.2006;402.0
28.11.2006;400.0
29.11.2006;400.0
30.11.2006;399.0
01.12.2006;397.0
02.12.2006;395.0
03.12.2006;395.0
04.12.2006;393.0
05.12.2006;392.0
06.12.2006;390.0
07.12.2006;389.0
08.12.2006;387.0
09.12.2006;385.0
10.12.2006;387.0
11.12.2006;383.0
12.12.2006;379.0
13.12.2006;378.0
14.12.2006;375.0
15.12.2006;347.0
16.12.2006;369.0
17.12.2006;369.0
18.12.2006;366.0
19.12.2006;365.0
20.12.2006;362.0
21.12.2006;362.0
22.12.2006;360.0
23.12.2006;358.0
24.12.2006;356.0
25.12.2006;355.0
26.12.2006;352.0
27.12.2006;350.0
28.12.2006;348.0
29.12.2006;346.0
30.12.2006;343.0
31.12.2006;341.0
01.01.2007;340.0
02.01.2007;338.0
03.01.2007;338.0
04.01.2007;339.0
05.01.2007;334.0
06.01.2007;332.0
07.01.2007;333.0
08.01.2007;331.0
09.01.2007;326.0
10.01.2007;323.0
11.01.2007;321.0
12.01.2007;321.0
13.01.2007;319.0
14.01.2007;314.0
15.01.2007;312.0
16.01.2007;310.0
17.01.2007;308.0
18.01.2007;306.0
19.01.2007;432.0
20.01.2007;475.0
21.01.2007;433.0
22.01.2007;378.0
23.01.2007;326.0
24.01.2007;324.0
25.01.2007;320.0
26.01.2007;319.0
27.01.2007;319.0
28.01.2007;320.0
29.01.2007;323.0
30.01.2007;329.0
31.01.2007;330.0
01.02.2007;325.0
02.02.2007;325.0
03.02.2007;326.0
04.02.2007;326.0
05.02.2007;325.0
06.02.2007;329.0
07.02.2007;332.0
08.02.2007;329.0
09.02.2007;330.0
10.02.2007;330.0
11.02.2007;329.0
12.02.2007;329.0
13.02.2007;330.0
14.02.2007;331.0
15.02.2007;335.0
16.02.2007;349.0
17.02.2007;338.0
18.02.2007;335.0
19.02.2007;334.0
20.02.2007;336.0
21.02.2007;336.0
22.02.2007;337.0
23.02.2007;337.0
24.02.2007;338.0
25.02.2007;338.0
26.02.2007;339.0
27.02.2007;342.0
28.02.2007;375.0
01.03.2007;372.0
02.03.2007;357.0
03.03.2007;359.0
04.03.2007;384.0
05.03.2007;359.0
06.03.2007;354.0
07.03.2007;355.0
08.03.2007;366.0
09.03.2007;384.0
10.03.2007;373.0
11.03.2007;367.0
12.03.2007;368.0
13.03.2007;371.0
14.03.2007;372.0
15.03.2007;374.0
16.03.2007;376.0
17.03.2007;378.0
18.03.2007;379.0
19.03.2007;382.0
20.03.2007;382.0
21.03.2007;384.0
22.03.2007;384.0
23.03.2007;384.0
24.03.2007;389.0
25.03.2007;390.0
26.03.2007;397.0
27.03.2007;395.0
28.03.2007;398.0
29.03.2007;391.0
30.03.2007;398.0
31.03.2007;397.0
01.04.2007;396.0
02.04.2007;400.0
03.04.2007;399.0
04.04.2007;397.0
05.04.2007;398.0
06.04.2007;394.0
07.04.2007;400.0
08.04.2007;401.0
09.04.2007;392.0
10.04.2007;396.0
11.04.2007;393.0
12.04.2007;401.0
13.04.2007;393.0
14.04.2007;399.0
15.04.2007;396.0
16.04.2007;393.0
17.04.2007;394.0
18.04.2007;402.0
19.04.2007;396.0
20.04.2007;399.0
21.04.2007;399.0
22.04.2007;401.0
23.04.2007;395.0
24.04.2007;398.0
25.04.2007;401.0
26.04.2007;403.0
27.04.2007;394.0
28.04.2007;398.0
29.04.2007;394.0
30.04.2007;398.0
01.05.2007;397.0
02.05.2007;395.0
03.05.2007;385.0
04.05.2007;378.0
05.05.2007;380.0
06.05.2007;379.0
07.05.2007;385.0
08.05.2007;380.0
09.05.2007;436.0
10.05.2007;463.0
11.05.2007;404.0
12.05.2007;394.0
13.05.2007;394.0
14.05.2007;393.0
15.05.2007;391.0
16.05.2007;391.0
17.05.2007;390.0
18.05.2007;390.0
19.05.2007;388.0
20.05.2007;387.0
21.05.2007;387.0
22.05.2007;385.0
23.05.2007;385.0
24.05.2007;383.0
25.05.2007;383.0
26.05.2007;381.0
27.05.2007;381.0
28.05.2007;380.0
29.05.2007;378.0
30.05.2007;376.0
31.05.2007;375.0
01.06.2007;373.0
02.06.2007;371.0
03.06.2007;370.0
04.06.2007;369.0
05.06.2007;362.0
06.06.2007;365.0
07.06.2007;364.0
08.06.2007;363.0
09.06.2007;360.0
10.06.2007;359.0
11.06.2007;358.0
12.06.2007;355.0
13.06.2007;353.0
14.06.2007;350.0
15.06.2007;349.0
16.06.2007;348.0
17.06.2007;346.0
18.06.2007;344.0
19.06.2007;342.0
20.06.2007;337.0
21.06.2007;336.0
22.06.2007;334.0
23.06.2007;336.0
24.06.2007;333.0
25.06.2007;329.0
26.06.2007;331.0
27.06.2007;330.0
28.06.2007;327.0
29.06.2007;325.0
30.06.2007;323.0
01.07.2007;321.0
02.07.2007;319.0
03.07.2007;316.0
04.07.2007;315.0
05.07.2007;313.0
06.07.2007;309.0
07.07.2007;307.0
08.07.2007;304.0
09.07.2007;302.0
10.07.2007;320.0
11.07.2007;306.0
12.07.2007;297.0
13.07.2007;294.0
14.07.2007;292.0
15.07.2007;289.0
16.07.2007;287.0
17.07.2007;284.0
18.07.2007;282.0
19.07.2007;280.0
20.07.2007;277.0
21.07.2007;275.0
22.07.2007;273.0
23.07.2007;270.0
24.07.2007;268.0
25.07.2007;266.0
26.07.2007;262.0
27.07.2007;260.0
28.07.2007;258.0
29.07.2007;256.0
30.07.2007;253.0
31.07.2007;251.0
01.08.2007;248.0
02.08.2007;247.0
03.08.2007;245.0
04.08.2007;241.0
05.08.2007;240.0
06.08.2007;238.0
07.08.2007;235.0
08.08.2007;234.0
09.08.2007;231.0
10.08.2007;229.0
11.08.2007;228.0
12.08.2007;226.0
13.08.2007;224.0
14.08.2007;221.0
15.08.2007;219.0
16.08.2007;216.0
17.08.2007;215.0
18.08.2007;212.0
19.08.2007;210.0
20.08.2007;209.0
21.08.2007;208.0
22.08.2007;205.0
23.08.2007;203.0
24.08.2007;200.0
25.08.2007;198.0
26.08.2007;196.0
27.08.2007;194.0
28.08.2007;192.0
29.08.2007;189.0
30.08.2007;188.0
31.08.2007;185.0
01.09.2007;183.0
02.09.2007;181.0
03.09.2007;179.0
04.09.2007;179.0
05.09.2007;179.0
06.09.2007;324.0
07.09.2007;430.0
08.09.2007;370.0
09.09.2007;330.0
10.09.2007;290.0
11.09.2007;280.0
12.09.2007;275.0
13.09.2007;240.0
14.09.2007;231.0
15.09.2007;230.0
16.09.2007;229.0
17.09.2007;231.0
18.09.2007;233.0
19.09.2007;233.0
20.09.2007;234.0
21.09.2007;236.0
22.09.2007;238.0
23.09.2007;239.0
24.09.2007;240.0
25.09.2007;242.0
26.09.2007;242.0
27.09.2007;243.0
28.09.2007;243.0
29.09.2007;244.0
30.09.2007;244.0
01.10.2007;245.0
02.10.2007;245.0
03.10.2007;245.0
04.10.2007;246.0
05.10.2007;246.0
06.10.2007;247.0
07.10.2007;247.0
08.10.2007;246.0
09.10.2007;246.0
10.10.2007;245.0
11.10.2007;246.0
12.10.2007;245.0
13.10.2007;245.0
14.10.2007;244.0
15.10.2007;244.0
16.10.2007;244.0
17.10.2007;243.0
18.10.2007;243.0
19.10.2007;242.0
20.10.2007;241.0
21.10.2007;257.0
22.10.2007;258.0
23.10.2007;264.0
24.10.2007;286.0
25.10.2007;276.0
26.10.2007;271.0
27.10.2007;253.0
28.10.2007;267.0
29.10.2007;253.0
30.10.2007;249.0
31.10.2007;249.0
01.11.2007;249.0
02.11.2007;250.0
03.11.2007;250.0
04.11.2007;253.0
05.11.2007;256.0
06.11.2007;255.0
07.11.2007;274.0
08.11.2007;286.0
09.11.2007;272.0
10.11.2007;271.0
11.11.2007;344.0
12.11.2007;368.0
13.11.2007;301.0
14.11.2007;297.0
15.11.2007;288.0
16.11.2007;291.0
17.11.2007;293.0
18.11.2007;298.0
19.11.2007;300.0
20.11.2007;302.0
21.11.2007;306.0
22.11.2007;307.0
23.11.2007;326.0
24.11.2007;330.0
25.11.2007;323.0
26.11.2007;343.0
27.11.2007;330.0
28.11.2007;326.0
29.11.2007;329.0
30.11.2007;333.0
01.12.2007;346.0
02.12.2007;364.0
03.12.2007;360.0
04.12.2007;368.0
05.12.2007;338.0
06.12.2007;356.0
07.12.2007;359.0
08.12.2007;365.0
09.12.2007;370.0
10.12.2007;370.0
11.12.2007;372.0
12.12.2007;394.0
13.12.2007;390.0
14.12.2007;387.0
15.12.2007;388.0
16.12.2007;392.0
17.12.2007;395.0
18.12.2007;398.0
19.12.2007;400.0
20.12.2007;404.0
21.12.2007;406.0
22.12.2007;407.0
23.12.2007;411.0
24.12.2007;410.0
25.12.2007;413.0
26.12.2007;415.0
27.12.2007;414.0
28.12.2007;414.0
29.12.2007;417.0
30.12.2007;417.0
31.12.2007;417.0
01.01.2008;417.0
02.01.2008;418.0
03.01.2008;419.0
04.01.2008;420.0
05.01.2008;421.0
06.01.2008;416.0
07.01.2008;418.0
08.01.2008;426.0
09.01.2008;423.0
10.01.2008;417.0
11.01.2008;419.0
12.01.2008;419.0
13.01.2008;423.0
14.01.2008;424.0
15.01.2008;421.0
16.01.2008;418.0
17.01.2008;417.0
18.01.2008;417.0
19.01.2008;501.0
20.01.2008;445.0
21.01.2008;429.0
22.01.2008;433.0
23.01.2008;434.0
24.01.2008;421.0
25.01.2008;423.0
26.01.2008;425.0
27.01.2008;477.0
28.01.2008;456.0
29.01.2008;451.0
30.01.2008;439.0
31.01.2008;440.0
01.02.2008;443.0
02.02.2008;445.0
03.02.2008;443.0
04.02.2008;442.0
05.02.2008;440.0
06.02.2008;441.0
07.02.2008;438.0
08.02.2008;435.0
09.02.2008;434.0
10.02.2008;436.0
11.02.2008;430.0
12.02.2008;432.0
13.02.2008;434.0
14.02.2008;428.0
15.02.2008;426.0
16.02.2008;424.0
17.02.2008;420.0
18.02.2008;420.0
19.02.2008;419.0
20.02.2008;418.0
21.02.2008;415.0
22.02.2008;414.0
23.02.2008;410.0
24.02.2008;411.0
25.02.2008;409.0
26.02.2008;408.0
27.02.2008;405.0
28.02.2008;404.0
29.02.2008;402.0
01.03.2008;435.0
02.03.2008;474.0
03.03.2008;492.0
04.03.2008;490.0
05.03.2008;485.0
06.03.2008;483.0
07.03.2008;485.0
08.03.2008;483.0
09.03.2008;482.0
10.03.2008;478.0
11.03.2008;479.0
12.03.2008;499.0
13.03.2008;520.0
14.03.2008;546.0
15.03.2008;589.0
16.03.2008;511.0
17.03.2008;499.0
18.03.2008;504.0
19.03.2008;496.0
20.03.2008;495.0
21.03.2008;498.0
22.03.2008;500.0
23.03.2008;500.0
24.03.2008;500.0
25.03.2008;492.0
26.03.2008;499.0
27.03.2008;501.0
28.03.2008;502.0
29.03.2008;524.0
30.03.2008;520.0
31.03.2008;505.0
01.04.2008;496.0
02.04.2008;509.0
03.04.2008;553.0
04.04.2008;526.0
05.04.2008;518.0
06.04.2008;516.0
07.04.2008;517.0
08.04.2008;517.0
09.04.2008;520.0
10.04.2008;521.0
11.04.2008;521.0
12.04.2008;520.0
13.04.2008;521.0
14.04.2008;521.0
15.04.2008;522.0
16.04.2008;521.0
17.04.2008;523.0
18.04.2008;523.0
19.04.2008;522.0
20.04.2008;520.0
21.04.2008;520.0
22.04.2008;520.0
23.04.2008;553.0
24.04.2008;538.0
25.04.2008;522.0
26.04.2008;519.0
27.04.2008;520.0
28.04.2008;520.0
29.04.2008;519.0
30.04.2008;518.0
01.05.2008;515.0
02.05.2008;514.0
03.05.2008;512.0
04.05.2008;512.0
05.05.2008;511.0
06.05.2008;516.0
07.05.2008;523.0
08.05.2008;511.0
09.05.2008;508.0
10.05.2008;506.0
11.05.2008;504.0
12.05.2008;503.0
13.05.2008;501.0
14.05.2008;500.0
15.05.2008;498.0
16.05.2008;497.0
17.05.2008;495.0
18.05.2008;493.0
19.05.2008;491.0
20.05.2008;489.0
21.05.2008;486.0
22.05.2008;485.0
23.05.2008;483.0
24.05.2008;475.0
25.05.2008;478.0
26.05.2008;475.0
27.05.2008;475.0
28.05.2008;471.0
29.05.2008;470.0
30.05.2008;467.0
31.05.2008;457.0
01.06.2008;434.0
02.06.2008;439.0
03.06.2008;433.0
04.06.2008;437.0
05.06.2008;446.0
06.06.2008;437.0
07.06.2008;450.0
08.06.2008;447.0
09.06.2008;446.0
10.06.2008;444.0
11.06.2008;442.0
12.06.2008;440.0
13.06.2008;438.0
14.06.2008;435.0
15.06.2008;433.0
16.06.2008;432.0
17.06.2008;428.0
18.06.2008;426.0
19.06.2008;420.0
20.06.2008;420.0
21.06.2008;419.0
22.06.2008;416.0
23.06.2008;407.0
24.06.2008;413.0
25.06.2008;409.0
26.06.2008;409.0
27.06.2008;415.0
28.06.2008;405.0
29.06.2008;402.0
30.06.2008;416.0
01.07.2008;405.0
02.07.2008;398.0
03.07.2008;395.0
04.07.2008;392.0
05.07.2008;389.0
06.07.2008;388.0
07.07.2008;390.0
08.07.2008;403.0
09.07.2008;385.0
10.07.2008;380.0
11.07.2008;378.0
12.07.2008;376.0
13.07.2008;373.0
14.07.2008;373.0
15.07.2008;381.0
16.07.2008;370.0
17.07.2008;366.0
18.07.2008;364.0
19.07.2008;362.0
20.07.2008;362.0
21.07.2008;399.0
22.07.2008;363.0
23.07.2008;380.0
24.07.2008;494.0
25.07.2008;455.0
26.07.2008;414.0
27.07.2008;378.0
28.07.2008;370.0
29.07.2008;370.0
30.07.2008;369.0
31.07.2008;370.0
01.08.2008;371.0
02.08.2008;371.0
03.08.2008;372.0
04.08.2008;372.0
05.08.2008;371.0
06.08.2008;372.0
07.08.2008;372.0
08.08.2008;372.0
09.08.2008;373.0
10.08.2008;370.0
11.08.2008;371.0
12.08.2008;370.0
13.08.2008;368.0
14.08.2008;368.0
15.08.2008;371.0
16.08.2008;511.0
17.08.2008;401.0
18.08.2008;376.0
19.08.2008;373.0
20.08.2008;372.0
21.08.2008;371.0
22.08.2008;372.0
23.08.2008;371.0
24.08.2008;372.0
25.08.2008;370.0
26.08.2008;370.0
27.08.2008;370.0
28.08.2008;369.0
29.08.2008;369.0
30.08.2008;368.0
31.08.2008;367.0
01.09.2008;367.0
02.09.2008;366.0
03.09.2008;365.0
04.09.2008;365.0
05.09.2008;364.0
06.09.2008;364.0
07.09.2008;361.0
08.09.2008;360.0
09.09.2008;359.0
10.09.2008;358.0
11.09.2008;355.0
12.09.2008;353.0
13.09.2008;352.0
14.09.2008;350.0
15.09.2008;376.0
16.09.2008;470.0
17.09.2008;412.0
18.09.2008;360.0
19.09.2008;353.0
20.09.2008;351.0
21.09.2008;351.0
22.09.2008;351.0
23.09.2008;351.0
24.09.2008;349.0
25.09.2008;350.0
26.09.2008;358.0
27.09.2008;351.0
28.09.2008;348.0
29.09.2008;347.0
30.09.2008;346.0
01.10.2008;346.0
02.10.2008;344.0
03.10.2008;351.0
04.10.2008;387.0
05.10.2008;363.0
06.10.2008;348.0
07.10.2008;345.0
08.10.2008;344.0
09.10.2008;342.0
10.10.2008;341.0
11.10.2008;340.0
12.10.2008;340.0
13.10.2008;339.0
14.10.2008;339.0
15.10.2008;338.0
16.10.2008;337.0
17.10.2008;336.0
18.10.2008;335.0
19.10.2008;334.0
20.10.2008;332.0
21.10.2008;332.0
22.10.2008;331.0
23.10.2008;328.0
24.10.2008;327.0
25.10.2008;326.0
26.10.2008;325.0
27.10.2008;324.0
28.10.2008;323.0
29.10.2008;321.0
30.10.2008;320.0
31.10.2008;318.0
01.11.2008;316.0
02.11.2008;314.0
03.11.2008;313.0
04.11.2008;310.0
05.11.2008;309.0
06.11.2008;308.0
07.11.2008;305.0
08.11.2008;303.0
09.11.2008;301.0
10.11.2008;299.0
11.11.2008;298.0
12.11.2008;296.0
13.11.2008;293.0
14.11.2008;292.0
15.11.2008;290.0
16.11.2008;287.0
17.11.2008;287.0
18.11.2008;285.0
19.11.2008;282.0
20.11.2008;281.0
21.11.2008;433.0
22.11.2008;369.0
23.11.2008;300.0
24.11.2008;288.0
25.11.2008;281.0
26.11.2008;279.0
27.11.2008;277.0
28.11.2008;277.0
29.11.2008;277.0
30.11.2008;276.0
01.12.2008;285.0
02.12.2008;282.0
03.12.2008;277.0
04.12.2008;275.0
05.12.2008;274.0
06.12.2008;272.0
07.12.2008;274.0
08.12.2008;282.0
09.12.2008;277.0
10.12.2008;268.0
11.12.2008;270.0
12.12.2008;269.0
13.12.2008;268.0
14.12.2008;268.0
15.12.2008;266.0
16.12.2008;265.0
17.12.2008;265.0
18.12.2008;264.0
19.12.2008;269.0
20.12.2008;316.0
21.12.2008;450.0
22.12.2008;381.0
23.12.2008;319.0
24.12.2008;301.0
25.12.2008;298.0
26.12.2008;298.0
27.12.2008;301.0
28.12.2008;302.0
29.12.2008;306.0
30.12.2008;309.0
31.12.2008;312.0
01.01.2009;314.0
02.01.2009;316.0
03.01.2009;318.0
04.01.2009;321.0
05.01.2009;321.0
06.01.2009;323.0
07.01.2009;323.0
08.01.2009;324.0
09.01.2009;324.0
10.01.2009;324.0
11.01.2009;325.0
12.01.2009;325.0
13.01.2009;326.0
14.01.2009;326.0
15.01.2009;325.0
16.01.2009;325.0
17.01.2009;326.0
18.01.2009;325.0
19.01.2009;326.0
20.01.2009;325.0
21.01.2009;324.0
22.01.2009;324.0
23.01.2009;324.0
24.01.2009;324.0
25.01.2009;322.0
26.01.2009;321.0
27.01.2009;319.0
28.01.2009;318.0
29.01.2009;317.0
30.01.2009;315.0
31.01.2009;315.0
01.02.2009;314.0
02.02.2009;313.0
03.02.2009;312.0
04.02.2009;311.0
05.02.2009;309.0
06.02.2009;309.0
07.02.2009;312.0
08.02.2009;315.0
09.02.2009;304.0
10.02.2009;304.0
11.02.2009;303.0
12.02.2009;301.0
13.02.2009;300.0
14.02.2009;299.0
15.02.2009;297.0
16.02.2009;297.0
17.02.2009;296.0
18.02.2009;294.0
19.02.2009;292.0
20.02.2009;291.0
21.02.2009;290.0
22.02.2009;289.0
23.02.2009;311.0
24.02.2009;297.0
25.02.2009;289.0
26.02.2009;285.0
27.02.2009;307.0
28.02.2009;364.0
01.03.2009;324.0
02.03.2009;299.0
03.03.2009;322.0
04.03.2009;333.0
05.03.2009;352.0
06.03.2009;366.0
07.03.2009;349.0
08.03.2009;341.0
09.03.2009;385.0
10.03.2009;369.0
11.03.2009;386.0
12.03.2009;400.0
13.03.2009;497.0
14.03.2009;449.0
15.03.2009;466.0
16.03.2009;500.0
17.03.2009;493.0
18.03.2009;517.0
19.03.2009;497.0
20.03.2009;492.0
21.03.2009;495.0
22.03.2009;503.0
23.03.2009;523.0
24.03.2009;577.0
25.03.2009;546.0
26.03.2009;544.0
27.03.2009;565.0
28.03.2009;600.0
29.03.2009;630.0
30.03.2009;607.0
31.03.2009;607.0
01.04.2009;646.0
02.04.2009;678.0
03.04.2009;670.0
04.04.2009;663.0
05.04.2009;656.0
06.04.2009;650.0
07.04.2009;647.0
08.04.2009;650.0
09.04.2009;655.0
10.04.2009;660.0
11.04.2009;664.0
12.04.2009;669.0
13.04.2009;673.0
14.04.2009;678.0
15.04.2009;681.0
16.04.2009;684.0
17.04.2009;687.0
18.04.2009;690.0
19.04.2009;691.0
20.04.2009;694.0
21.04.2009;694.0
22.04.2009;696.0
23.04.2009;697.0
24.04.2009;696.0
25.04.2009;696.0
26.04.2009;696.0
27.04.2009;696.0
28.04.2009;696.0
29.04.2009;695.0
30.04.2009;694.0
01.05.2009;694.0
02.05.2009;692.0
03.05.2009;692.0
04.05.2009;692.0
05.05.2009;691.0
06.05.2009;690.0
07.05.2009;689.0
08.05.2009;688.0
09.05.2009;686.0
10.05.2009;685.0
11.05.2009;684.0
12.05.2009;683.0
13.05.2009;682.0
14.05.2009;671.0
15.05.2009;679.0
16.05.2009;676.0
17.05.2009;673.0
18.05.2009;673.0
19.05.2009;699.0
20.05.2009;675.0
21.05.2009;669.0
22.05.2009;665.0
23.05.2009;663.0
24.05.2009;661.0
25.05.2009;658.0
26.05.2009;656.0
27.05.2009;653.0
28.05.2009;651.0
29.05.2009;649.0
30.05.2009;677.0
31.05.2009;680.0
01.06.2009;652.0
02.06.2009;647.0
03.06.2009;644.0
04.06.2009;640.0
05.06.2009;637.0
06.06.2009;636.0
07.06.2009;632.0
08.06.2009;628.0
09.06.2009;625.0
10.06.2009;621.0
11.06.2009;620.0
12.06.2009;617.0
13.06.2009;614.0
14.06.2009;611.0
15.06.2009;609.0
16.06.2009;607.0
17.06.2009;603.0
18.06.2009;600.0
19.06.2009;598.0
20.06.2009;615.0
21.06.2009;597.0
22.06.2009;600.0
23.06.2009;631.0
24.06.2009;631.0
25.06.2009;639.0
26.06.2009;642.0
27.06.2009;642.0
28.06.2009;643.0
29.06.2009;644.0
30.06.2009;642.0
01.07.2009;641.0
02.07.2009;644.0
03.07.2009;645.0
04.07.2009;645.0
05.07.2009;645.0
06.07.2009;645.0
07.07.2009;644.0
08.07.2009;644.0
09.07.2009;643.0
10.07.2009;644.0
11.07.2009;643.0
12.07.2009;644.0
13.07.2009;643.0
14.07.2009;642.0
15.07.2009;642.0
16.07.2009;642.0
17.07.2009;641.0
18.07.2009;642.0
19.07.2009;641.0
20.07.2009;642.0
21.07.2009;642.0
22.07.2009;641.0
23.07.2009;642.0
24.07.2009;641.0
25.07.2009;641.0
26.07.2009;641.0
27.07.2009;641.0
28.07.2009;641.0
29.07.2009;640.0
30.07.2009;640.0
31.07.2009;640.0
01.08.2009;640.0
02.08.2009;640.0
03.08.2009;640.0
04.08.2009;641.0
05.08.2009;641.0
06.08.2009;641.0
07.08.2009;641.0
08.08.2009;641.0
09.08.2009;641.0
10.08.2009;640.0
11.08.2009;641.0
12.08.2009;641.0
13.08.2009;640.0
14.08.2009;641.0
15.08.2009;641.0
16.08.2009;641.0
17.08.2009;640.0
18.08.2009;641.0
19.08.2009;640.0
20.08.2009;641.0
21.08.2009;640.0
22.08.2009;639.0
23.08.2009;640.0
24.08.2009;640.0
25.08.2009;638.0
26.08.2009;640.0
27.08.2009;635.0
28.08.2009;639.0
29.08.2009;640.0
30.08.2009;640.0
31.08.2009;639.0
01.09.2009;640.0
02.09.2009;639.0
03.09.2009;640.0
04.09.2009;640.0
05.09.2009;640.0
06.09.2009;640.0
07.09.2009;640.0
08.09.2009;640.0
09.09.2009;640.0
10.09.2009;639.0
11.09.2009;640.0
12.09.2009;640.0
13.09.2009;640.0
14.09.2009;641.0
15.09.2009;642.0
16.09.2009;641.0
17.09.2009;639.0
18.09.2009;641.0
19.09.2009;640.0
20.09.2009;640.0
21.09.2009;640.0
22.09.2009;640.0
23.09.2009;640.0
24.09.2009;640.0
25.09.2009;639.0
26.09.2009;640.0
27.09.2009;640.0
28.09.2009;639.0
29.09.2009;639.0
30.09.2009;640.0
01.10.2009;639.0
02.10.2009;639.0
03.10.2009;639.0
04.10.2009;639.0
05.10.2009;639.0
06.10.2009;638.0
07.10.2009;638.0
08.10.2009;639.0
09.10.2009;638.0
10.10.2009;639.0
11.10.2009;640.0
12.10.2009;639.0
13.10.2009;639.0
14.10.2009;639.0
15.10.2009;637.0
16.10.2009;638.0
17.10.2009;638.0
18.10.2009;639.0
19.10.2009;638.0
20.10.2009;635.0
21.10.2009;633.0
22.10.2009;631.0
23.10.2009;629.0
24.10.2009;626.0
25.10.2009;625.0
26.10.2009;623.0
27.10.2009;625.0
28.10.2009;622.0
29.10.2009;621.0
30.10.2009;617.0
31.10.2009;615.0
01.11.2009;613.0
02.11.2009;612.0
03.11.2009;618.0
04.11.2009;619.0
05.11.2009;610.0
06.11.2009;603.0
07.11.2009;601.0
08.11.2009;597.0
09.11.2009;595.0
10.11.2009;590.0
11.11.2009;586.0
12.11.2009;583.0
13.11.2009;581.0
14.11.2009;577.0
15.11.2009;575.0
16.11.2009;573.0
17.11.2009;570.0
18.11.2009;567.0
19.11.2009;565.0
20.11.2009;562.0
21.11.2009;559.0
22.11.2009;557.0
23.11.2009;554.0
24.11.2009;551.0
25.11.2009;548.0
26.11.2009;545.0
27.11.2009;542.0
28.11.2009;539.0
29.11.2009;536.0
30.11.2009;534.0
01.12.2009;531.0
02.12.2009;526.0
03.12.2009;524.0
04.12.2009;521.0
05.12.2009;517.0
06.12.2009;514.0
07.12.2009;511.0
08.12.2009;508.0
09.12.2009;511.0
10.12.2009;506.0
11.12.2009;524.0
12.12.2009;524.0
13.12.2009;501.0
14.12.2009;494.0
15.12.2009;491.0
16.12.2009;489.0
17.12.2009;485.0
18.12.2009;483.0
19.12.2009;480.0
20.12.2009;477.0
21.12.2009;478.0
22.12.2009;475.0
23.12.2009;473.0
24.12.2009;473.0
25.12.2009;473.0
26.12.2009;470.0
27.12.2009;464.0
28.12.2009;462.0
29.12.2009;458.0
30.12.2009;457.0
31.12.2009;454.0
01.01.2010;451.0
02.01.2010;449.0
03.01.2010;445.0
04.01.2010;443.0
05.01.2010;441.0
06.01.2010;438.0
07.01.2010;435.0
08.01.2010;432.0
09.01.2010;430.0
10.01.2010;427.0
11.01.2010;424.0
12.01.2010;422.0
13.01.2010;419.0
14.01.2010;416.0
15.01.2010;413.0
16.01.2010;410.0
17.01.2010;408.0
18.01.2010;406.0
19.01.2010;404.0
20.01.2010;401.0
21.01.2010;397.0
22.01.2010;394.0
23.01.2010;392.0
24.01.2010;389.0
25.01.2010;385.0
26.01.2010;383.0
27.01.2010;380.0
28.01.2010;379.0
29.01.2010;376.0
30.01.2010;373.0
31.01.2010;370.0
01.02.2010;366.0
02.02.2010;364.0
03.02.2010;367.0
04.02.2010;361.0
05.02.2010;357.0
06.02.2010;354.0
07.02.2010;350.0
08.02.2010;348.0
09.02.2010;345.0
10.02.2010;342.0
11.02.2010;339.0
12.02.2010;337.0
13.02.2010;333.0
14.02.2010;331.0
15.02.2010;329.0
16.02.2010;325.0
17.02.2010;324.0
18.02.2010;320.0
19.02.2010;318.0
20.02.2010;317.0
21.02.2010;313.0
22.02.2010;311.0
23.02.2010;307.0
24.02.2010;306.0
25.02.2010;315.0
26.02.2010;356.0
27.02.2010;366.0
28.02.2010;337.0
01.03.2010;368.0
02.03.2010;333.0
03.03.2010;327.0
04.03.2010;317.0
05.03.2010;312.0
06.03.2010;311.0
07.03.2010;308.0
08.03.2010;309.0
09.03.2010;307.0
10.03.2010;307.0
11.03.2010;306.0
12.03.2010;305.0
13.03.2010;303.0
14.03.2010;303.0
15.03.2010;301.0
16.03.2010;309.0
17.03.2010;334.0
18.03.2010;324.0
19.03.2010;327.0
20.03.2010;356.0
21.03.2010;372.0
22.03.2010;347.0
23.03.2010;317.0
24.03.2010;312.0
25.03.2010;312.0
26.03.2010;314.0
27.03.2010;315.0
28.03.2010;302.0
29.03.2010;319.0
30.03.2010;319.0
31.03.2010;320.0
01.04.2010;319.0
02.04.2010;321.0
03.04.2010;323.0
04.04.2010;321.0
05.04.2010;332.0
06.04.2010;327.0
07.04.2010;322.0
08.04.2010;322.0
09.04.2010;321.0
10.04.2010;321.0
11.04.2010;323.0
12.04.2010;328.0
13.04.2010;325.0
14.04.2010;344.0
15.04.2010;364.0
16.04.2010;335.0
17.04.2010;327.0
18.04.2010;328.0
19.04.2010;328.0
20.04.2010;329.0
21.04.2010;330.0
22.04.2010;330.0
23.04.2010;331.0
24.04.2010;331.0
25.04.2010;331.0
26.04.2010;331.0
27.04.2010;331.0
28.04.2010;331.0
29.04.2010;331.0
30.04.2010;330.0
01.05.2010;330.0
02.05.2010;330.0
03.05.2010;328.0
04.05.2010;328.0
05.05.2010;327.0
06.05.2010;327.0
07.05.2010;325.0
08.05.2010;325.0
09.05.2010;324.0
10.05.2010;322.0
11.05.2010;322.0
12.05.2010;320.0
13.05.2010;320.0
14.05.2010;321.0
15.05.2010;319.0
16.05.2010;331.0
17.05.2010;321.0
18.05.2010;316.0
19.05.2010;314.0
20.05.2010;315.0
21.05.2010;325.0
22.05.2010;323.0
23.05.2010;318.0
24.05.2010;315.0
25.05.2010;305.0
26.05.2010;313.0
27.05.2010;312.0
28.05.2010;311.0
29.05.2010;309.0
30.05.2010;309.0
31.05.2010;312.0
01.06.2010;311.0
02.06.2010;449.0
03.06.2010;501.0
04.06.2010;483.0
05.06.2010;391.0
06.06.2010;367.0
07.06.2010;357.0
08.06.2010;355.0
09.06.2010;356.0
10.06.2010;359.0
11.06.2010;364.0
12.06.2010;366.0
13.06.2010;370.0
14.06.2010;377.0
15.06.2010;375.0
16.06.2010;427.0
17.06.2010;402.0
18.06.2010;391.0
19.06.2010;401.0
20.06.2010;431.0
21.06.2010;494.0
22.06.2010;441.0
23.06.2010;422.0
24.06.2010;422.0
25.06.2010;425.0
26.06.2010;430.0
27.06.2010;433.0
28.06.2010;437.0
29.06.2010;441.0
30.06.2010;445.0
01.07.2010;448.0
02.07.2010;452.0
03.07.2010;454.0
04.07.2010;456.0
05.07.2010;461.0
06.07.2010;475.0
07.07.2010;465.0
08.07.2010;467.0
09.07.2010;469.0
10.07.2010;470.0
11.07.2010;472.0
12.07.2010;473.0
13.07.2010;475.0
14.07.2010;475.0
15.07.2010;476.0
16.07.2010;476.0
17.07.2010;477.0
18.07.2010;476.0
19.07.2010;477.0
20.07.2010;477.0
21.07.2010;477.0
22.07.2010;477.0
23.07.2010;476.0
24.07.2010;476.0
25.07.2010;478.0
26.07.2010;474.0
27.07.2010;474.0
28.07.2010;472.0
29.07.2010;474.0
30.07.2010;523.0
31.07.2010;481.0
01.08.2010;471.0
02.08.2010;472.0
03.08.2010;501.0
04.08.2010;483.0
05.08.2010;473.0
06.08.2010;469.0
07.08.2010;493.0
08.08.2010;524.0
09.08.2010;477.0
10.08.2010;471.0
11.08.2010;470.0
12.08.2010;470.0
13.08.2010;471.0
14.08.2010;470.0
15.08.2010;469.0
16.08.2010;469.0
17.08.2010;467.0
18.08.2010;467.0
19.08.2010;466.0
20.08.2010;464.0
21.08.2010;463.0
22.08.2010;463.0
23.08.2010;462.0
24.08.2010;476.0
25.08.2010;480.0
26.08.2010;462.0
27.08.2010;460.0
28.08.2010;458.0
29.08.2010;466.0
30.08.2010;461.0
31.08.2010;494.0
01.09.2010;465.0
02.09.2010;457.0
03.09.2010;454.0
04.09.2010;454.0
05.09.2010;452.0
06.09.2010;451.0
07.09.2010;450.0
08.09.2010;450.0
09.09.2010;448.0
10.09.2010;447.0
11.09.2010;445.0
12.09.2010;445.0
13.09.2010;443.0
14.09.2010;442.0
15.09.2010;441.0
16.09.2010;440.0
17.09.2010;439.0
18.09.2010;436.0
19.09.2010;436.0
20.09.2010;433.0
21.09.2010;432.0
22.09.2010;431.0
23.09.2010;429.0
24.09.2010;428.0
25.09.2010;426.0
26.09.2010;430.0
27.09.2010;424.0
28.09.2010;421.0
29.09.2010;419.0
30.09.2010;416.0
01.10.2010;415.0
02.10.2010;413.0
03.10.2010;411.0
04.10.2010;410.0
05.10.2010;407.0
06.10.2010;410.0
07.10.2010;404.0
08.10.2010;401.0
09.10.2010;399.0
10.10.2010;397.0
11.10.2010;394.0
12.10.2010;393.0
13.10.2010;390.0
14.10.2010;387.0
15.10.2010;386.0
16.10.2010;383.0
17.10.2010;380.0
18.10.2010;378.0
19.10.2010;376.0
20.10.2010;373.0
21.10.2010;377.0
22.10.2010;372.0
23.10.2010;367.0
24.10.2010;365.0
25.10.2010;369.0
26.10.2010;384.0
27.10.2010;363.0
28.10.2010;356.0
29.10.2010;353.0
30.10.2010;351.0
31.10.2010;349.0
01.11.2010;345.0
02.11.2010;342.0
03.11.2010;340.0
04.11.2010;337.0
05.11.2010;334.0
06.11.2010;332.0
07.11.2010;330.0
08.11.2010;328.0
09.11.2010;325.0
10.11.2010;323.0
11.11.2010;319.0
12.11.2010;317.0
13.11.2010;315.0
14.11.2010;311.0
15.11.2010;309.0
16.11.2010;306.0
17.11.2010;303.0
18.11.2010;300.0
19.11.2010;298.0
20.11.2010;296.0
21.11.2010;293.0
22.11.2010;290.0
23.11.2010;289.0
24.11.2010;285.0
25.11.2010;283.0
26.11.2010;280.0
27.11.2010;278.0
28.11.2010;275.0
29.11.2010;273.0
30.11.2010;271.0
01.12.2010;267.0
02.12.2010;265.0
03.12.2010;263.0
04.12.2010;259.0
05.12.2010;258.0
06.12.2010;255.0
07.12.2010;253.0
08.12.2010;253.0
09.12.2010;265.0
10.12.2010;250.0
11.12.2010;249.0
12.12.2010;261.0
13.12.2010;247.0
14.12.2010;243.0
15.12.2010;240.0
16.12.2010;238.0
17.12.2010;237.0
18.12.2010;234.0
19.12.2010;222.0
20.12.2010;231.0
21.12.2010;228.0
22.12.2010;227.0
23.12.2010;232.0
24.12.2010;288.0
25.12.2010;239.0
26.12.2010;225.0
27.12.2010;223.0
28.12.2010;221.0
29.12.2010;220.0
30.12.2010;219.0
31.12.2010;218.0
01.01.2011;216.0
02.01.2011;216.0
03.01.2011;214.0
04.01.2011;213.0
05.01.2011;211.0
06.01.2011;210.0
07.01.2011;209.0
08.01.2011;207.0
09.01.2011;206.0
10.01.2011;205.0
11.01.2011;203.0
12.01.2011;202.0
13.01.2011;320.0
14.01.2011;346.0
15.01.2011;235.0
16.01.2011;214.0
17.01.2011;211.0
18.01.2011;210.0
19.01.2011;209.0
20.01.2011;212.0
21.01.2011;211.0
22.01.2011;210.0
23.01.2011;210.0
24.01.2011;210.0
25.01.2011;210.0
26.01.2011;209.0
27.01.2011;209.0
28.01.2011;208.0
29.01.2011;208.0
30.01.2011;207.0
31.01.2011;207.0
01.02.2011;206.0
02.02.2011;205.0
03.02.2011;205.0
04.02.2011;204.0
05.02.2011;204.0
06.02.2011;214.0
07.02.2011;214.0
08.02.2011;205.0
09.02.2011;204.0
10.02.2011;204.0
11.02.2011;206.0
12.02.2011;252.0
13.02.2011;221.0
14.02.2011;211.0
15.02.2011;210.0
16.02.2011;210.0
17.02.2011;210.0
18.02.2011;211.0
19.02.2011;211.0
20.02.2011;211.0
21.02.2011;212.0
22.02.2011;212.0
23.02.2011;211.0
24.02.2011;212.0
25.02.2011;212.0
26.02.2011;211.0
27.02.2011;212.0
28.02.2011;212.0
01.03.2011;212.0
02.03.2011;212.0
03.03.2011;212.0
04.03.2011;210.0
05.03.2011;210.0
06.03.2011;209.0
07.03.2011;209.0
08.03.2011;208.0
09.03.2011;208.0
10.03.2011;207.0
11.03.2011;207.0
12.03.2011;206.0
13.03.2011;205.0
14.03.2011;205.0
15.03.2011;204.0
16.03.2011;204.0
17.03.2011;203.0
18.03.2011;286.0
19.03.2011;276.0
20.03.2011;225.0
21.03.2011;210.0
22.03.2011;208.0
23.03.2011;208.0
24.03.2011;207.0
25.03.2011;208.0
26.03.2011;207.0
27.03.2011;208.0
28.03.2011;210.0
29.03.2011;208.0
30.03.2011;208.0
31.03.2011;207.0
01.04.2011;207.0
02.04.2011;207.0
03.04.2011;207.0
04.04.2011;206.0
05.04.2011;205.0
06.04.2011;205.0
07.04.2011;205.0
08.04.2011;204.0
09.04.2011;204.0
10.04.2011;202.0
11.04.2011;201.0
12.04.2011;200.0
13.04.2011;200.0
14.04.2011;200.0
15.04.2011;201.0
16.04.2011;200.0
17.04.2011;198.0
18.04.2011;198.0
19.04.2011;196.0
20.04.2011;196.0
21.04.2011;195.0
22.04.2011;194.0
23.04.2011;193.0
24.04.2011;193.0
25.04.2011;191.0
26.04.2011;191.0
27.04.2011;189.0
28.04.2011;189.0
29.04.2011;188.0
30.04.2011;187.0
01.05.2011;186.0
02.05.2011;184.0
03.05.2011;184.0
04.05.2011;183.0
05.05.2011;182.0
06.05.2011;180.0
07.05.2011;179.0
08.05.2011;178.0
09.05.2011;176.0
10.05.2011;176.0
11.05.2011;174.0
12.05.2011;174.0
13.05.2011;171.0
14.05.2011;171.0
15.05.2011;175.0
16.05.2011;174.0
17.05.2011;168.0
18.05.2011;166.0
19.05.2011;165.0
20.05.2011;164.0
21.05.2011;162.0
22.05.2011;162.0
23.05.2011;160.0
24.05.2011;159.0
25.05.2011;157.0
26.05.2011;157.0
27.05.2011;155.0
28.05.2011;166.0
29.05.2011;161.0
30.05.2011;155.0
31.05.2011;152.0
01.06.2011;150.0
02.06.2011;149.0
03.06.2011;148.0
04.06.2011;147.0
05.06.2011;145.0
06.06.2011;144.0
07.06.2011;143.0
08.06.2011;142.0
09.06.2011;140.0
10.06.2011;139.0
11.06.2011;137.0
12.06.2011;137.0
13.06.2011;134.0
14.06.2011;134.0
15.06.2011;132.0
16.06.2011;131.0
17.06.2011;129.0
18.06.2011;128.0
19.06.2011;126.0
20.06.2011;124.0
21.06.2011;124.0
22.06.2011;122.0
23.06.2011;122.0
24.06.2011;128.0
25.06.2011;120.0
26.06.2011;118.0
27.06.2011;117.0
28.06.2011;115.0
29.06.2011;111.0
30.06.2011;110.0
01.07.2011;109.0
02.07.2011;105.0
03.07.2011;104.0
04.07.2011;103.0
05.07.2011;103.0
06.07.2011;123.0
07.07.2011;112.0
08.07.2011;107.0
09.07.2011;103.0
10.07.2011;99.0
11.07.2011;98.0
12.07.2011;97.0
13.07.2011;93.0
14.07.2011;92.0
15.07.2011;91.0
16.07.2011;90.0
17.07.2011;86.0
18.07.2011;86.0
19.07.2011;84.0
20.07.2011;82.0
21.07.2011;82.0
22.07.2011;81.0
23.07.2011;81.0
24.07.2011;80.0
25.07.2011;81.0
26.07.2011;87.0
27.07.2011;84.0
28.07.2011;79.0
29.07.2011;79.0
30.07.2011;78.0
31.07.2011;76.0
01.08.2011;74.0
02.08.2011;73.0
03.08.2011;70.0
04.08.2011;69.0
05.08.2011;69.0
06.08.2011;65.0
07.08.2011;64.0
08.08.2011;63.0
09.08.2011;64.0
10.08.2011;64.0
11.08.2011;64.0
12.08.2011;63.0
13.08.2011;60.0
14.08.2011;59.0
15.08.2011;58.0
16.08.2011;58.0
17.08.2011;56.0
18.08.2011;55.0
19.08.2011;53.0
20.08.2011;54.0
21.08.2011;54.0
22.08.2011;52.0
23.08.2011;52.0
24.08.2011;51.0
25.08.2011;51.0
26.08.2011;49.0
27.08.2011;48.0
28.08.2011;47.0
29.08.2011;46.0
30.08.2011;45.0
31.08.2011;44.0
01.09.2011;43.0
02.09.2011;42.0
03.09.2011;41.0
04.09.2011;40.0
05.09.2011;39.0
06.09.2011;38.0
07.09.2011;37.0
08.09.2011;36.0
09.09.2011;35.0
10.09.2011;34.0
11.09.2011;34.0
12.09.2011;32.0
13.09.2011;32.0
14.09.2011;30.0
15.09.2011;30.0
16.09.2011;29.0
17.09.2011;29.0
18.09.2011;27.0
19.09.2011;34.0
20.09.2011;52.0
21.09.2011;41.0
22.09.2011;34.0
23.09.2011;32.0
24.09.2011;30.0
25.09.2011;27.0
26.09.2011;26.0
27.09.2011;25.0
28.09.2011;23.0
29.09.2011;23.0
30.09.2011;22.0
01.10.2011;20.0
02.10.2011;20.0
03.10.2011;19.0
04.10.2011;18.0
05.10.2011;17.0
06.10.2011;17.0
07.10.2011;16.0
08.10.2011;27.0
09.10.2011;27.0
10.10.2011;32.0
11.10.2011;40.0
12.10.2011;26.0
13.10.2011;57.0
14.10.2011;34.0
15.10.2011;26.0
16.10.2011;24.0
17.10.2011;21.0
18.10.2011;20.0
19.10.2011;20.0
20.10.2011;18.0
21.10.2011;18.0
22.10.2011;16.0
23.10.2011;17.0
24.10.2011;15.0
25.10.2011;15.0
26.10.2011;15.0
27.10.2011;14.0
28.10.2011;13.0
29.10.2011;13.0
30.10.2011;12.0
31.10.2011;11.0
01.11.2011;11.0
02.11.2011;11.0
03.11.2011;10.0
04.11.2011;10.0
05.11.2011;8.0
06.11.2011;6.0
07.11.2011;2.0
08.11.2011;0.0
09.11.2011;0.0
10.11.2011;0.0
11.11.2011;0.0
12.11.2011;0.0
13.11.2011;0.0
14.11.2011;0.0
15.11.2011;0.0
16.11.2011;0.0
17.11.2011;0.0
18.11.2011;0.0
19.11.2011;0.0
20.11.2011;0.0
21.11.2011;0.0
22.11.2011;0.0
23.11.2011;0.0
24.11.2011;0.0
25.11.2011;0.0
26.11.2011;0.0
27.11.2011;0.0
28.11.2011;0.0
29.11.2011;0.0
30.11.2011;0.0
01.12.2011;0.0
02.12.2011;0.0
03.12.2011;0.0
04.12.2011;0.0
05.12.2011;0.0
06.12.2011;0.0
07.12.2011;0.0
08.12.2011;1.0
09.12.2011;0.0
10.12.2011;0.0
11.12.2011;0.0
12.12.2011;0.0
13.12.2011;0.0
14.12.2011;0.0
15.12.2011;0.0
16.12.2011;0.0
17.12.2011;0.0
18.12.2011;0.0
19.12.2011;0.0
20.12.2011;0.0
21.12.2011;0.0
22.12.2011;0.0
23.12.2011;0.0
24.12.2011;0.0
25.12.2011;0.0
26.12.2011;0.0
27.12.2011;0.0
28.12.2011;0.0
29.12.2011;0.0
30.12.2011;0.0
31.12.2011;0.0
01.01.2012;0.0
02.01.2012;0.0
03.01.2012;0.0
04.01.2012;0.0
05.01.2012;0.0
06.01.2012;0.0
07.01.2012;0.0
08.01.2012;0.0
09.01.2012;0.0
10.01.2012;0.0
11.01.2012;0.0
12.01.2012;0.0
13.01.2012;0.0
14.01.2012;0.0
15.01.2012;0.0
16.01.2012;0.0
17.01.2012;0.0
18.01.2012;0.0
19.01.2012;16.0
20.01.2012;78.0
21.01.2012;27.0
22.01.2012;116.0
23.01.2012;34.0
24.01.2012;29.0
25.01.2012;24.0
26.01.2012;22.0
27.01.2012;24.0
28.01.2012;26.0
29.01.2012;28.0
30.01.2012;30.0
31.01.2012;34.0
01.02.2012;36.0
02.02.2012;39.0
03.02.2012;42.0
04.02.2012;44.0
05.02.2012;48.0
06.02.2012;51.0
07.02.2012;53.0
08.02.2012;57.0
09.02.2012;59.0
10.02.2012;62.0
11.02.2012;64.0
12.02.2012;65.0
13.02.2012;68.0
14.02.2012;69.0
15.02.2012;70.0
16.02.2012;70.0
17.02.2012;75.0
18.02.2012;81.0
19.02.2012;82.0
20.02.2012;85.0
21.02.2012;87.0
22.02.2012;89.0
23.02.2012;89.0
24.02.2012;94.0
25.02.2012;100.0
26.02.2012;100.0
27.02.2012;99.0
28.02.2012;99.0
29.02.2012;241.0
01.03.2012;200.0
02.03.2012;167.0
03.03.2012;164.0
04.03.2012;162.0
05.03.2012;165.0
06.03.2012;167.0
07.03.2012;172.0
08.03.2012;177.0
09.03.2012;182.0
10.03.2012;186.0
11.03.2012;192.0
12.03.2012;212.0
13.03.2012;213.0
14.03.2012;211.0
15.03.2012;213.0
16.03.2012;217.0
17.03.2012;221.0
18.03.2012;226.0
19.03.2012;229.0
20.03.2012;232.0
21.03.2012;236.0
22.03.2012;240.0
23.03.2012;244.0
24.03.2012;248.0
25.03.2012;250.0
26.03.2012;253.0
27.03.2012;256.0
28.03.2012;259.0
29.03.2012;263.0
30.03.2012;265.0
31.03.2012;267.0
01.04.2012;269.0
02.04.2012;271.0
03.04.2012;275.0
04.04.2012;274.0
05.04.2012;276.0
06.04.2012;278.0
07.04.2012;279.0
08.04.2012;279.0
09.04.2012;280.0
10.04.2012;284.0
11.04.2012;284.0
12.04.2012;290.0
13.04.2012;292.0
14.04.2012;287.0
15.04.2012;288.0
16.04.2012;350.0
17.04.2012;362.0
18.04.2012;310.0
19.04.2012;299.0
20.04.2012;297.0
21.04.2012;295.0
22.04.2012;295.0
23.04.2012;296.0
24.04.2012;301.0
25.04.2012;299.0
26.04.2012;301.0
27.04.2012;300.0
28.04.2012;301.0
29.04.2012;302.0
30.04.2012;301.0
01.05.2012;302.0
02.05.2012;302.0
03.05.2012;302.0
04.05.2012;303.0
05.05.2012;302.0
06.05.2012;300.0
07.05.2012;300.0
08.05.2012;299.0
09.05.2012;299.0
10.05.2012;297.0
11.05.2012;297.0
12.05.2012;296.0
13.05.2012;295.0
14.05.2012;295.0
15.05.2012;296.0
16.05.2012;293.0
17.05.2012;292.0
18.05.2012;291.0
19.05.2012;291.0
20.05.2012;290.0
21.05.2012;289.0
22.05.2012;287.0
23.05.2012;286.0
24.05.2012;283.0
25.05.2012;282.0
26.05.2012;282.0
27.05.2012;280.0
28.05.2012;278.0
29.05.2012;278.0
30.05.2012;276.0
31.05.2012;274.0
01.06.2012;278.0
02.06.2012;275.0
03.06.2012;272.0
04.06.2012;297.0
05.06.2012;289.0
06.06.2012;272.0
07.06.2012;268.0
08.06.2012;265.0
09.06.2012;264.0
10.06.2012;265.0
11.06.2012;265.0
12.06.2012;264.0
13.06.2012;381.0
14.06.2012;294.0
15.06.2012;266.0
16.06.2012;261.0
17.06.2012;260.0
18.06.2012;258.0
19.06.2012;258.0
20.06.2012;258.0
21.06.2012;258.0
22.06.2012;257.0
23.06.2012;288.0
24.06.2012;266.0
25.06.2012;262.0
26.06.2012;255.0
27.06.2012;255.0
28.06.2012;255.0
29.06.2012;254.0
30.06.2012;252.0
01.07.2012;252.0
02.07.2012;251.0
03.07.2012;249.0
04.07.2012;250.0
05.07.2012;248.0
06.07.2012;271.0
07.07.2012;262.0
08.07.2012;248.0
09.07.2012;251.0
10.07.2012;248.0
11.07.2012;245.0
12.07.2012;245.0
13.07.2012;244.0
14.07.2012;244.0
15.07.2012;249.0
16.07.2012;245.0
17.07.2012;243.0
18.07.2012;243.0
19.07.2012;242.0
20.07.2012;241.0
21.07.2012;271.0
22.07.2012;251.0
23.07.2012;242.0
24.07.2012;243.0
25.07.2012;241.0
26.07.2012;241.0
27.07.2012;257.0
28.07.2012;241.0
29.07.2012;270.0
30.07.2012;249.0
31.07.2012;244.0
01.08.2012;243.0
02.08.2012;242.0
03.08.2012;242.0
04.08.2012;242.0
05.08.2012;243.0
06.08.2012;241.0
07.08.2012;241.0
08.08.2012;241.0
09.08.2012;240.0
10.08.2012;241.0
11.08.2012;240.0
12.08.2012;241.0
13.08.2012;240.0
14.08.2012;240.0
15.08.2012;240.0
16.08.2012;239.0
17.08.2012;238.0
18.08.2012;237.0
19.08.2012;237.0
20.08.2012;237.0
21.08.2012;236.0
22.08.2012;235.0
23.08.2012;236.0
24.08.2012;234.0
25.08.2012;234.0
26.08.2012;233.0
27.08.2012;231.0
28.08.2012;230.0
29.08.2012;230.0
30.08.2012;229.0
31.08.2012;234.0
01.09.2012;247.0
02.09.2012;229.0
03.09.2012;227.0
04.09.2012;226.0
05.09.2012;225.0
06.09.2012;224.0
07.09.2012;221.0
08.09.2012;223.0
09.09.2012;221.0
10.09.2012;219.0
11.09.2012;218.0
12.09.2012;223.0
13.09.2012;352.0
14.09.2012;249.0
15.09.2012;224.0
16.09.2012;219.0
17.09.2012;217.0
18.09.2012;216.0
19.09.2012;215.0
20.09.2012;216.0
21.09.2012;213.0
22.09.2012;213.0
23.09.2012;211.0
24.09.2012;212.0
25.09.2012;211.0
26.09.2012;209.0
27.09.2012;208.0
28.09.2012;207.0
29.09.2012;205.0
30.09.2012;204.0
01.10.2012;203.0
02.10.2012;201.0
03.10.2012;201.0
04.10.2012;199.0
05.10.2012;199.0
06.10.2012;197.0
07.10.2012;197.0
08.10.2012;195.0
09.10.2012;194.0
10.10.2012;193.0
11.10.2012;192.0
12.10.2012;191.0
13.10.2012;191.0
14.10.2012;190.0
15.10.2012;189.0
16.10.2012;190.0
17.10.2012;190.0
18.10.2012;186.0
19.10.2012;184.0
20.10.2012;182.0
21.10.2012;180.0
22.10.2012;179.0
23.10.2012;178.0
24.10.2012;176.0
25.10.2012;175.0
26.10.2012;174.0
27.10.2012;174.0
28.10.2012;179.0
29.10.2012;169.0
30.10.2012;169.0
31.10.2012;169.0
01.11.2012;180.0
02.11.2012;177.0
03.11.2012;169.0
04.11.2012;166.0
05.11.2012;195.0
06.11.2012;182.0
07.11.2012;168.0
08.11.2012;164.0
09.11.2012;163.0
10.11.2012;161.0
11.11.2012;161.0
12.11.2012;158.0
13.11.2012;157.0
14.11.2012;156.0
15.11.2012;156.0
16.11.2012;154.0
17.11.2012;155.0
18.11.2012;153.0
19.11.2012;151.0
20.11.2012;151.0
21.11.2012;149.0
22.11.2012;149.0
23.11.2012;147.0
24.11.2012;146.0
25.11.2012;145.0
26.11.2012;144.0
27.11.2012;143.0
28.11.2012;142.0
29.11.2012;141.0
30.11.2012;140.0
01.12.2012;137.0
02.12.2012;136.0
03.12.2012;134.0
04.12.2012;134.0
05.12.2012;133.0
06.12.2012;130.0
07.12.2012;129.0
08.12.2012;128.0
09.12.2012;126.0
10.12.2012;124.0
11.12.2012;123.0
12.12.2012;122.0
13.12.2012;119.0
14.12.2012;119.0
15.12.2012;119.0
16.12.2012;125.0
17.12.2012;128.0
18.12.2012;128.0
19.12.2012;131.0
20.12.2012;129.0
21.12.2012;122.0
22.12.2012;118.0
23.12.2012;230.0
24.12.2012;242.0
25.12.2012;161.0
26.12.2012;146.0
27.12.2012;143.0
28.12.2012;150.0
29.12.2012;151.0
30.12.2012;145.0
31.12.2012;143.0
01.01.2013;143.0
02.01.2013;142.0
03.01.2013;142.0
04.01.2013;151.0
05.01.2013;371.0
06.01.2013;324.0
07.01.2013;358.0
08.01.2013;297.0
09.01.2013;273.0
10.01.2013;250.0
11.01.2013;240.0
12.01.2013;240.0
13.01.2013;244.0
14.01.2013;250.0
15.01.2013;255.0
16.01.2013;263.0
17.01.2013;269.0
18.01.2013;276.0
19.01.2013;283.0
20.01.2013;289.0
21.01.2013;294.0
22.01.2013;298.0
23.01.2013;303.0
24.01.2013;307.0
25.01.2013;310.0
26.01.2013;315.0
27.01.2013;319.0
28.01.2013;321.0
29.01.2013;334.0
30.01.2013;520.0
31.01.2013;431.0
01.02.2013;379.0
02.02.2013;400.0
03.02.2013;391.0
04.02.2013;391.0
05.02.2013;469.0
06.02.2013;435.0
07.02.2013;405.0
08.02.2013;405.0
09.02.2013;409.0
10.02.2013;414.0
11.02.2013;422.0
12.02.2013;427.0
13.02.2013;431.0
14.02.2013;437.0
15.02.2013;441.0
16.02.2013;446.0
17.02.2013;450.0
18.02.2013;454.0
19.02.2013;457.0
20.02.2013;460.0
21.02.2013;463.0
22.02.2013;466.0
23.02.2013;469.0
24.02.2013;470.0
25.02.2013;471.0
26.02.2013;472.0
27.02.2013;473.0
28.02.2013;476.0
01.03.2013;478.0
02.03.2013;478.0
03.03.2013;478.0
04.03.2013;478.0
05.03.2013;480.0
06.03.2013;489.0
07.03.2013;553.0
08.03.2013;553.0
09.03.2013;547.0
10.03.2013;514.0
11.03.2013;500.0
12.03.2013;497.0
13.03.2013;496.0
14.03.2013;497.0
15.03.2013;496.0
16.03.2013;497.0
17.03.2013;499.0
18.03.2013;502.0
19.03.2013;519.0
20.03.2013;516.0
21.03.2013;504.0
22.03.2013;503.0
23.03.2013;503.0
24.03.2013;503.0
25.03.2013;503.0
26.03.2013;502.0
27.03.2013;502.0
28.03.2013;501.0
29.03.2013;501.0
30.03.2013;501.0
31.03.2013;501.0
01.04.2013;499.0
02.04.2013;498.0
03.04.2013;497.0
04.04.2013;497.0
05.04.2013;496.0
06.04.2013;495.0
07.04.2013;494.0
08.04.2013;496.0
09.04.2013;504.0
10.04.2013;554.0
11.04.2013;558.0
12.04.2013;522.0
13.04.2013;496.0
14.04.2013;493.0
15.04.2013;495.0
16.04.2013;496.0
17.04.2013;496.0
18.04.2013;498.0
19.04.2013;497.0
20.04.2013;507.0
21.04.2013;504.0
22.04.2013;497.0
23.04.2013;498.0
24.04.2013;496.0
25.04.2013;496.0
26.04.2013;498.0
27.04.2013;497.0
28.04.2013;494.0
29.04.2013;492.0
30.04.2013;492.0
01.05.2013;490.0
02.05.2013;489.0
03.05.2013;488.0
04.05.2013;486.0
05.05.2013;484.0
06.05.2013;483.0
07.05.2013;490.0
08.05.2013;494.0
09.05.2013;481.0
10.05.2013;479.0
11.05.2013;492.0
12.05.2013;518.0
13.05.2013;485.0
14.05.2013;478.0
15.05.2013;476.0
16.05.2013;476.0
17.05.2013;474.0
18.05.2013;471.0
19.05.2013;470.0
20.05.2013;468.0
21.05.2013;470.0
22.05.2013;470.0
23.05.2013;466.0
24.05.2013;464.0
25.05.2013;470.0
26.05.2013;465.0
27.05.2013;516.0
28.05.2013;498.0
29.05.2013;467.0
30.05.2013;470.0
31.05.2013;612.0
01.06.2013;614.0
02.06.2013;622.0
03.06.2013;627.0
04.06.2013;628.0
05.06.2013;628.0
06.06.2013;625.0
07.06.2013;616.0
08.06.2013;614.0
09.06.2013;615.0
10.06.2013;616.0
11.06.2013;617.0
12.06.2013;617.0
13.06.2013;617.0
14.06.2013;618.0
15.06.2013;618.0
16.06.2013;619.0
17.06.2013;620.0
18.06.2013;622.0
19.06.2013;623.0
20.06.2013;524.0
21.06.2013;625.0
22.06.2013;625.0
23.06.2013;626.0
24.06.2013;627.0
25.06.2013;631.0
26.06.2013;654.0
27.06.2013;672.0
28.06.2013;670.0
29.06.2013;670.0
30.06.2013;668.0
01.07.2013;668.0
02.07.2013;669.0
03.07.2013;669.0
04.07.2013;668.0
05.07.2013;668.0
06.07.2013;667.0
07.07.2013;668.0
08.07.2013;666.0
09.07.2013;667.0
10.07.2013;666.0
11.07.2013;667.0
12.07.2013;667.0
13.07.2013;670.0
14.07.2013;670.0
15.07.2013;669.0
16.07.2013;668.0
17.07.2013;667.0
18.07.2013;665.0
19.07.2013;665.0
20.07.2013;664.0
21.07.2013;664.0
22.07.2013;663.0
23.07.2013;662.0
24.07.2013;662.0
25.07.2013;662.0
26.07.2013;662.0
27.07.2013;662.0
28.07.2013;662.0
29.07.2013;671.0
30.07.2013;670.0
31.07.2013;666.0
01.08.2013;662.0
02.08.2013;654.0
03.08.2013;654.0
04.08.2013;653.0
05.08.2013;645.0
06.08.2013;645.0
07.08.2013;647.0
08.08.2013;645.0
09.08.2013;643.0
10.08.2013;640.0
11.08.2013;637.0
12.08.2013;634.0
13.08.2013;636.0
14.08.2013;632.0
15.08.2013;629.0
16.08.2013;625.0
17.08.2013;623.0
18.08.2013;619.0
19.08.2013;616.0
20.08.2013;612.0
21.08.2013;608.0
22.08.2013;606.0
23.08.2013;602.0
24.08.2013;600.0
25.08.2013;595.0
26.08.2013;592.0
27.08.2013;589.0
28.08.2013;606.0
29.08.2013;592.0
30.08.2013;581.0
31.08.2013;576.0
01.09.2013;572.0
02.09.2013;569.0
03.09.2013;566.0
04.09.2013;562.0
05.09.2013;559.0
06.09.2013;556.0
07.09.2013;552.0
08.09.2013;548.0
09.09.2013;545.0
10.09.2013;542.0
11.09.2013;537.0
12.09.2013;535.0
13.09.2013;534.0
14.09.2013;533.0
15.09.2013;526.0
16.09.2013;524.0
17.09.2013;578.0
18.09.2013;545.0
19.09.2013;577.0
20.09.2013;531.0
21.09.2013;510.0
22.09.2013;505.0
23.09.2013;500.0
24.09.2013;498.0
25.09.2013;495.0
26.09.2013;491.0
27.09.2013;491.0
28.09.2013;488.0
29.09.2013;486.0
30.09.2013;482.0
01.10.2013;480.0
02.10.2013;475.0
03.10.2013;472.0
04.10.2013;469.0
05.10.2013;466.0
06.10.2013;464.0
07.10.2013;463.0
08.10.2013;460.0
09.10.2013;459.0
10.10.2013;456.0
11.10.2013;454.0
12.10.2013;452.0
13.10.2013;448.0
14.10.2013;444.0
15.10.2013;442.0
16.10.2013;439.0
17.10.2013;436.0
18.10.2013;434.0
19.10.2013;432.0
20.10.2013;428.0
21.10.2013;424.0
22.10.2013;421.0
23.10.2013;419.0
24.10.2013;414.0
25.10.2013;412.0
26.10.2013;409.0
27.10.2013;405.0
28.10.2013;403.0
29.10.2013;400.0
30.10.2013;397.0
31.10.2013;396.0
01.11.2013;393.0
02.11.2013;390.0
03.11.2013;390.0
04.11.2013;391.0
05.11.2013;384.0
06.11.2013;403.0
07.11.2013;441.0
08.11.2013;384.0
09.11.2013;375.0
10.11.2013;373.0
11.11.2013;410.0
12.11.2013;390.0
13.11.2013;370.0
14.11.2013;366.0
15.11.2013;364.0
16.11.2013;361.0
17.11.2013;360.0
18.11.2013;359.0
19.11.2013;357.0
20.11.2013;356.0
21.11.2013;354.0
22.11.2013;352.0
23.11.2013;349.0
24.11.2013;417.0
25.11.2013;416.0
26.11.2013;359.0
27.11.2013;348.0
28.11.2013;346.0
29.11.2013;345.0
30.11.2013;344.0
01.12.2013;343.0
02.12.2013;340.0
03.12.2013;340.0
04.12.2013;339.0
05.12.2013;338.0
06.12.2013;340.0
07.12.2013;335.0
08.12.2013;339.0
09.12.2013;379.0
10.12.2013;445.0
11.12.2013;371.0
12.12.2013;348.0
13.12.2013;343.0
14.12.2013;340.0
15.12.2013;340.0
16.12.2013;340.0
17.12.2013;340.0
18.12.2013;340.0
19.12.2013;340.0
20.12.2013;339.0
21.12.2013;338.0
22.12.2013;338.0
23.12.2013;337.0
24.12.2013;338.0
25.12.2013;338.0
26.12.2013;338.0
27.12.2013;334.0
28.12.2013;334.0
29.12.2013;332.0
30.12.2013;329.0
31.12.2013;329.0
01.01.2014;328.0
02.01.2014;327.0
03.01.2014;326.0
04.01.2014;325.0
05.01.2014;324.0
06.01.2014;322.0
07.01.2014;320.0
08.01.2014;318.0
09.01.2014;317.0
10.01.2014;316.0
11.01.2014;314.0
12.01.2014;313.0
13.01.2014;313.0
14.01.2014;310.0
15.01.2014;309.0
16.01.2014;306.0
17.01.2014;305.0
18.01.2014;304.0
19.01.2014;302.0
20.01.2014;300.0
21.01.2014;298.0
22.01.2014;299.0
23.01.2014;295.0
24.01.2014;293.0
25.01.2014;291.0
26.01.2014;289.0
27.01.2014;288.0
28.01.2014;285.0
29.01.2014;284.0
30.01.2014;280.0
31.01.2014;279.0
01.02.2014;279.0
02.02.2014;277.0
03.02.2014;273.0
04.02.2014;271.0
05.02.2014;270.0
06.02.2014;268.0
07.02.2014;266.0
08.02.2014;265.0
09.02.2014;265.0
10.02.2014;265.0
11.02.2014;263.0
12.02.2014;260.0
13.02.2014;257.0
14.02.2014;254.0
15.02.2014;253.0
16.02.2014;251.0
17.02.2014;248.0
18.02.2014;247.0
19.02.2014;245.0
20.02.2014;243.0
21.02.2014;241.0
22.02.2014;239.0
23.02.2014;237.0
24.02.2014;236.0
25.02.2014;233.0
26.02.2014;232.0
27.02.2014;230.0
28.02.2014;228.0
01.03.2014;227.0
02.03.2014;225.0
03.03.2014;224.0
04.03.2014;221.0
05.03.2014;219.0
06.03.2014;216.0
07.03.2014;215.0
08.03.2014;212.0
09.03.2014;211.0
10.03.2014;209.0
11.03.2014;208.0
12.03.2014;205.0
13.03.2014;204.0
14.03.2014;202.0
15.03.2014;201.0
16.03.2014;198.0
17.03.2014;197.0
18.03.2014;195.0
19.03.2014;193.0
20.03.2014;190.0
21.03.2014;189.0
22.03.2014;187.0
23.03.2014;186.0
24.03.2014;189.0
25.03.2014;193.0
26.03.2014;183.0
27.03.2014;179.0
28.03.2014;176.0
29.03.2014;174.0
30.03.2014;172.0
31.03.2014;170.0
01.04.2014;168.0
02.04.2014;167.0
03.04.2014;164.0
04.04.2014;163.0
05.04.2014;161.0
06.04.2014;158.0
07.04.2014;156.0
08.04.2014;155.0
09.04.2014;153.0
10.04.2014;150.0
11.04.2014;151.0
12.04.2014;148.0
13.04.2014;145.0
14.04.2014;143.0
15.04.2014;145.0
16.04.2014;150.0
17.04.2014;157.0
18.04.2014;146.0
19.04.2014;140.0
20.04.2014;138.0
21.04.2014;135.0
22.04.2014;134.0
23.04.2014;131.0
24.04.2014;131.0
25.04.2014;129.0
26.04.2014;127.0
27.04.2014;126.0
28.04.2014;124.0
29.04.2014;123.0
30.04.2014;121.0
01.05.2014;120.0
02.05.2014;118.0
03.05.2014;118.0
04.05.2014;128.0
05.05.2014;119.0
06.05.2014;116.0
07.05.2014;111.0
08.05.2014;111.0
09.05.2014;108.0
10.05.2014;106.0
11.05.2014;103.0
12.05.2014;102.0
13.05.2014;103.0
14.05.2014;105.0
15.05.2014;109.0
16.05.2014;161.0
17.05.2014;218.0
18.05.2014;312.0
19.05.2014;228.0
20.05.2014;197.0
21.05.2014;190.0
22.05.2014;189.0
23.05.2014;185.0
24.05.2014;187.0
25.05.2014;190.0
26.05.2014;193.0
27.05.2014;196.0
28.05.2014;322.0
29.05.2014;383.0
30.05.2014;312.0
31.05.2014;265.0
01.06.2014;262.0
02.06.2014;262.0
03.06.2014;264.0
04.06.2014;270.0
05.06.2014;278.0
06.06.2014;286.0
07.06.2014;293.0
08.06.2014;301.0
09.06.2014;308.0
10.06.2014;314.0
11.06.2014;320.0
12.06.2014;327.0
13.06.2014;330.0
14.06.2014;337.0
15.06.2014;341.0
16.06.2014;345.0
17.06.2014;349.0
18.06.2014;353.0
19.06.2014;356.0
20.06.2014;359.0
21.06.2014;362.0
22.06.2014;363.0
23.06.2014;366.0
24.06.2014;368.0
25.06.2014;369.0
26.06.2014;371.0
27.06.2014;373.0
28.06.2014;374.0
29.06.2014;376.0
30.06.2014;376.0
01.07.2014;376.0
02.07.2014;377.0
03.07.2014;377.0
04.07.2014;378.0
05.07.2014;379.0
06.07.2014;379.0
07.07.2014;379.0
08.07.2014;379.0
09.07.2014;378.0
10.07.2014;378.0
11.07.2014;376.0
12.07.2014;377.0
13.07.2014;375.0
14.07.2014;375.0
15.07.2014;373.0
16.07.2014;372.0
17.07.2014;371.0
18.07.2014;370.0
19.07.2014;370.0
20.07.2014;368.0
21.07.2014;368.0
22.07.2014;366.0
23.07.2014;366.0
24.07.2014;366.0
25.07.2014;362.0
26.07.2014;360.0
27.07.2014;359.0
28.07.2014;371.0
29.07.2014;363.0
30.07.2014;356.0
31.07.2014;367.0
01.08.2014;392.0
02.08.2014;358.0
03.08.2014;352.0
04.08.2014;349.0
05.08.2014;347.0
06.08.2014;347.0
07.08.2014;345.0
08.08.2014;344.0
09.08.2014;341.0
10.08.2014;340.0
11.08.2014;338.0
12.08.2014;337.0
13.08.2014;341.0
14.08.2014;339.0
15.08.2014;333.0
16.08.2014;329.0
17.08.2014;328.0
18.08.2014;326.0
19.08.2014;323.0
20.08.2014;322.0
21.08.2014;319.0
22.08.2014;322.0
23.08.2014;342.0
24.08.2014;322.0
25.08.2014;316.0
26.08.2014;314.0
27.08.2014;310.0
28.08.2014;309.0
29.08.2014;306.0
30.08.2014;310.0
31.08.2014;321.0
01.09.2014;401.0
02.09.2014;381.0
03.09.2014;380.0
04.09.2014;327.0
05.09.2014;313.0
06.09.2014;311.0
07.09.2014;311.0
08.09.2014;309.0
09.09.2014;310.0
10.09.2014;310.0
11.09.2014;309.0
12.09.2014;324.0
13.09.2014;372.0
14.09.2014;346.0
15.09.2014;322.0
16.09.2014;317.0
17.09.2014;317.0
18.09.2014;318.0
19.09.2014;318.0
20.09.2014;319.0
21.09.2014;319.0
22.09.2014;321.0
23.09.2014;329.0
24.09.2014;322.0
25.09.2014;323.0
26.09.2014;323.0
27.09.2014;327.0
28.09.2014;326.0
29.09.2014;325.0
30.09.2014;324.0
01.10.2014;324.0
02.10.2014;324.0
03.10.2014;324.0
04.10.2014;325.0
05.10.2014;324.0
06.10.2014;324.0
07.10.2014;324.0
08.10.2014;324.0
09.10.2014;323.0
10.10.2014;322.0
11.10.2014;321.0
12.10.2014;321.0
13.10.2014;321.0
14.10.2014;320.0
15.10.2014;319.0
16.10.2014;318.0
17.10.2014;318.0
18.10.2014;316.0
19.10.2014;315.0
20.10.2014;314.0
21.10.2014;333.0
22.10.2014;339.0
23.10.2014;469.0
24.10.2014;499.0
25.10.2014;379.0
26.10.2014;360.0
27.10.2014;342.0
28.10.2014;343.0
29.10.2014;342.0
30.10.2014;343.0
31.10.2014;346.0
01.11.2014;347.0
02.11.2014;349.0
03.11.2014;351.0
04.11.2014;353.0
05.11.2014;354.0
06.11.2014;354.0
07.11.2014;355.0
08.11.2014;355.0
09.11.2014;357.0
10.11.2014;356.0
11.11.2014;358.0
12.11.2014;358.0
13.11.2014;357.0
14.11.2014;358.0
15.11.2014;359.0
16.11.2014;358.0
17.11.2014;359.0
18.11.2014;358.0
19.11.2014;358.0
20.11.2014;357.0
21.11.2014;356.0
22.11.2014;356.0
23.11.2014;356.0
24.11.2014;355.0
25.11.2014;355.0
26.11.2014;355.0
27.11.2014;354.0
28.11.2014;354.0
29.11.2014;352.0
30.11.2014;352.0
01.12.2014;351.0
02.12.2014;350.0
03.12.2014;340.0
04.12.2014;347.0
05.12.2014;345.0
06.12.2014;344.0
07.12.2014;343.0
08.12.2014;344.0
09.12.2014;342.0
10.12.2014;340.0
11.12.2014;339.0
12.12.2014;337.0
13.12.2014;336.0
14.12.2014;334.0
15.12.2014;333.0
16.12.2014;332.0
17.12.2014;330.0
18.12.2014;329.0
19.12.2014;330.0
20.12.2014;337.0
21.12.2014;338.0
22.12.2014;330.0
23.12.2014;324.0
24.12.2014;322.0
25.12.2014;320.0
26.12.2014;318.0
27.12.2014;319.0
28.12.2014;317.0
29.12.2014;313.0
30.12.2014;311.0
31.12.2014;310.0
01.01.2015;308.0
02.01.2015;310.0
03.01.2015;353.0
04.01.2015;351.0
05.01.2015;319.0
06.01.2015;310.0
07.01.2015;305.0
08.01.2015;304.0
09.01.2015;362.0
10.01.2015;471.0
11.01.2015;390.0
12.01.2015;357.0
13.01.2015;337.0
14.01.2015;331.0
15.01.2015;329.0
16.01.2015;329.0
17.01.2015;330.0
18.01.2015;331.0
19.01.2015;334.0
20.01.2015;334.0
21.01.2015;336.0
22.01.2015;337.0
23.01.2015;336.0
24.01.2015;337.0
25.01.2015;337.0
26.01.2015;338.0
27.01.2015;338.0
28.01.2015;339.0
29.01.2015;341.0
30.01.2015;342.0
31.01.2015;341.0
01.02.2015;340.0
02.02.2015;339.0
03.02.2015;339.0
04.02.2015;337.0
05.02.2015;337.0
06.02.2015;335.0
07.02.2015;335.0
08.02.2015;335.0
09.02.2015;333.0
10.02.2015;333.0
11.02.2015;333.0
12.02.2015;332.0
13.02.2015;331.0
14.02.2015;331.0
15.02.2015;330.0
16.02.2015;328.0
17.02.2015;326.0
18.02.2015;325.0
19.02.2015;324.0
20.02.2015;325.0
21.02.2015;324.0
22.02.2015;323.0
23.02.2015;321.0
24.02.2015;335.0
25.02.2015;346.0
26.02.2015;329.0
27.02.2015;325.0
28.02.2015;320.0
01.03.2015;320.0
02.03.2015;406.0
03.03.2015;370.0
04.03.2015;333.0
05.03.2015;326.0
06.03.2015;325.0
07.03.2015;325.0
08.03.2015;327.0
09.03.2015;327.0
10.03.2015;328.0
11.03.2015;345.0
12.03.2015;344.0
13.03.2015;333.0
14.03.2015;331.0
15.03.2015;331.0
16.03.2015;331.0
17.03.2015;333.0
18.03.2015;334.0
19.03.2015;332.0
20.03.2015;332.0
21.03.2015;332.0
22.03.2015;332.0
23.03.2015;332.0
24.03.2015;333.0
25.03.2015;333.0
26.03.2015;332.0
27.03.2015;332.0
28.03.2015;332.0
29.03.2015;332.0
30.03.2015;374.0
31.03.2015;381.0
01.04.2015;394.0
02.04.2015;382.0
03.04.2015;394.0
04.04.2015;366.0
05.04.2015;363.0
06.04.2015;360.0
07.04.2015;357.0
08.04.2015;360.0
09.04.2015;361.0
10.04.2015;364.0
11.04.2015;364.0
12.04.2015;367.0
13.04.2015;367.0
14.04.2015;370.0
15.04.2015;372.0
16.04.2015;373.0
17.04.2015;375.0
18.04.2015;377.0
19.04.2015;376.0
20.04.2015;377.0
21.04.2015;377.0
22.04.2015;379.0
23.04.2015;379.0
24.04.2015;379.0
25.04.2015;381.0
26.04.2015;380.0
27.04.2015;381.0
28.04.2015;380.0
29.04.2015;379.0
30.04.2015;378.0
01.05.2015;379.0
02.05.2015;379.0
03.05.2015;378.0
04.05.2015;378.0
05.05.2015;377.0
06.05.2015;378.0
07.05.2015;382.0
08.05.2015;377.0
09.05.2015;376.0
10.05.2015;374.0
11.05.2015;372.0
12.05.2015;374.0
13.05.2015;372.0
14.05.2015;394.0
15.05.2015;378.0
16.05.2015;371.0
17.05.2015;371.0
18.05.2015;370.0
19.05.2015;369.0
20.05.2015;366.0
21.05.2015;369.0
22.05.2015;376.0
23.05.2015;435.0
24.05.2015;477.0
25.05.2015;402.0
26.05.2015;386.0
27.05.2015;396.0
28.05.2015;386.0
29.05.2015;383.0
30.05.2015;382.0
31.05.2015;382.0
01.06.2015;383.0
02.06.2015;384.0
03.06.2015;385.0
04.06.2015;384.0
05.06.2015;384.0
06.06.2015;386.0
07.06.2015;385.0
08.06.2015;385.0
09.06.2015;385.0
10.06.2015;384.0
11.06.2015;384.0
12.06.2015;385.0
13.06.2015;384.0
14.06.2015;383.0
15.06.2015;382.0
16.06.2015;381.0
17.06.2015;379.0
18.06.2015;379.0
19.06.2015;379.0
20.06.2015;377.0
21.06.2015;376.0
22.06.2015;376.0
23.06.2015;376.0
24.06.2015;373.0
25.06.2015;372.0
26.06.2015;372.0
27.06.2015;370.0
28.06.2015;369.0
29.06.2015;368.0
30.06.2015;367.0
01.07.2015;366.0
02.07.2015;365.0
03.07.2015;363.0
04.07.2015;362.0
05.07.2015;360.0
06.07.2015;358.0
07.07.2015;356.0
08.07.2015;356.0
09.07.2015;353.0
10.07.2015;351.0
11.07.2015;351.0
12.07.2015;349.0
13.07.2015;347.0
14.07.2015;345.0
15.07.2015;343.0
16.07.2015;341.0
17.07.2015;339.0
18.07.2015;338.0
19.07.2015;336.0
20.07.2015;334.0
21.07.2015;331.0
22.07.2015;330.0
23.07.2015;328.0
24.07.2015;326.0
25.07.2015;325.0
26.07.2015;324.0
27.07.2015;320.0
28.07.2015;317.0
29.07.2015;316.0
30.07.2015;313.0
31.07.2015;311.0
01.08.2015;309.0
02.08.2015;307.0
03.08.2015;304.0
04.08.2015;302.0
05.08.2015;299.0
06.08.2015;298.0
07.08.2015;295.0
08.08.2015;293.0
09.08.2015;291.0
10.08.2015;289.0
11.08.2015;286.0
12.08.2015;283.0
13.08.2015;281.0
14.08.2015;280.0
15.08.2015;277.0
16.08.2015;275.0
17.08.2015;272.0
18.08.2015;269.0
19.08.2015;267.0
20.08.2015;265.0
21.08.2015;261.0
22.08.2015;260.0
23.08.2015;257.0
24.08.2015;255.0
25.08.2015;253.0
26.08.2015;250.0
27.08.2015;248.0
28.08.2015;245.0
29.08.2015;243.0
30.08.2015;241.0
31.08.2015;239.0
01.09.2015;237.0
02.09.2015;235.0
03.09.2015;232.0
04.09.2015;232.0
05.09.2015;230.0
06.09.2015;229.0
07.09.2015;224.0
08.09.2015;218.0
09.09.2015;219.0
10.09.2015;218.0
11.09.2015;215.0
12.09.2015;213.0
13.09.2015;212.0
14.09.2015;209.0
15.09.2015;208.0
16.09.2015;205.0
17.09.2015;204.0
18.09.2015;201.0
19.09.2015;199.0
20.09.2015;197.0
21.09.2015;194.0
22.09.2015;193.0
23.09.2015;191.0
24.09.2015;188.0
25.09.2015;187.0
26.09.2015;184.0
27.09.2015;182.0
28.09.2015;180.0
29.09.2015;177.0
30.09.2015;175.0
01.10.2015;173.0
02.10.2015;171.0
03.10.2015;168.0
04.10.2015;167.0
05.10.2015;164.0
06.10.2015;165.0
07.10.2015;160.0
08.10.2015;159.0
09.10.2015;156.0
10.10.2015;154.0
11.10.2015;152.0
12.10.2015;150.0
13.10.2015;148.0
14.10.2015;145.0
15.10.2015;142.0
16.10.2015;141.0
17.10.2015;141.0
18.10.2015;138.0
19.10.2015;136.0
20.10.2015;169.0
21.10.2015;147.0
22.10.2015;136.0
23.10.2015;132.0
24.10.2015;130.0
25.10.2015;132.0
26.10.2015;124.0
27.10.2015;122.0
28.10.2015;119.0
29.10.2015;118.0
30.10.2015;115.0
31.10.2015;113.0
01.11.2015;111.0
02.11.2015;108.0
03.11.2015;105.0
04.11.2015;102.0
05.11.2015;102.0
06.11.2015;100.0
07.11.2015;100.0
08.11.2015;98.0
09.11.2015;88.0
10.11.2015;92.0
11.11.2015;92.0
12.11.2015;89.0
13.11.2015;87.0
14.11.2015;86.0
15.11.2015;82.0
16.11.2015;81.0
17.11.2015;80.0
18.11.2015;77.0
19.11.2015;77.0
20.11.2015;72.0
21.11.2015;67.0
22.11.2015;66.0
23.11.2015;65.0
24.11.2015;72.0
25.11.2015;63.0
26.11.2015;62.0
27.11.2015;66.0
28.11.2015;65.0
29.11.2015;63.0
30.11.2015;66.0
01.12.2015;83.0
02.12.2015;84.0
03.12.2015;75.0
04.12.2015;72.0
05.12.2015;67.0
06.12.2015;65.0
07.12.2015;61.0
08.12.2015;62.0
09.12.2015;58.0
10.12.2015;57.0
11.12.2015;56.0
12.12.2015;52.0
13.12.2015;50.0
14.12.2015;48.0
15.12.2015;47.0
16.12.2015;48.0
17.12.2015;47.0
18.12.2015;45.0
19.12.2015;42.0
20.12.2015;42.0
21.12.2015;41.0
22.12.2015;41.0
23.12.2015;40.0
24.12.2015;38.0
25.12.2015;38.0
26.12.2015;36.0
27.12.2015;35.0
28.12.2015;34.0
29.12.2015;33.0
30.12.2015;32.0
31.12.2015;31.0
01.01.2016;30.0
02.01.2016;29.0
03.01.2016;28.0
04.01.2016;27.0
05.01.2016;26.0
06.01.2016;25.0
07.01.2016;24.0
08.01.2016;23.0
09.01.2016;22.0
10.01.2016;22.0
11.01.2016;22.0
12.01.2016;26.0
13.01.2016;23.0
14.01.2016;20.0
15.01.2016;20.0
16.01.2016;19.0
17.01.2016;17.0
18.01.2016;17.0
19.01.2016;15.0
20.01.2016;15.0
21.01.2016;14.0
22.01.2016;13.0
23.01.2016;12.0
24.01.2016;12.0
25.01.2016;18.0
26.01.2016;20.0
27.01.2016;16.0
28.01.2016;18.0
29.01.2016;24.0
30.01.2016;19.0
31.01.2016;22.0
01.02.2016;86.0
02.02.2016;40.0
03.02.2016;27.0
04.02.2016;26.0
05.02.2016;26.0
06.02.2016;26.0
07.02.2016;26.0
08.02.2016;25.0
09.02.2016;25.0
10.02.2016;27.0
11.02.2016;28.0
12.02.2016;27.0
13.02.2016;28.0
14.02.2016;27.0
15.02.2016;26.0
16.02.2016;27.0
17.02.2016;27.0
18.02.2016;27.0
19.02.2016;27.0
20.02.2016;28.0
21.02.2016;48.0
22.02.2016;43.0
23.02.2016;37.0
24.02.2016;34.0
25.02.2016;35.0
26.02.2016;35.0
27.02.2016;36.0
28.02.2016;36.0
29.02.2016;37.0
01.03.2016;37.0
02.03.2016;37.0
03.03.2016;39.0
04.03.2016;40.0
05.03.2016;41.0
06.03.2016;41.0
07.03.2016;42.0
08.03.2016;43.0
09.03.2016;43.0
10.03.2016;44.0
11.03.2016;44.0
12.03.2016;45.0
13.03.2016;45.0
14.03.2016;46.0
15.03.2016;47.0
16.03.2016;48.0
17.03.2016;48.0
18.03.2016;48.0
19.03.2016;48.0
20.03.2016;49.0
21.03.2016;50.0
22.03.2016;51.0
23.03.2016;50.0
24.03.2016;51.0
25.03.2016;52.0
26.03.2016;54.0
27.03.2016;59.0
28.03.2016;59.0
29.03.2016;59.0
30.03.2016;59.0
31.03.2016;57.0
01.04.2016;56.0
02.04.2016;59.0
03.04.2016;59.0
04.04.2016;59.0
05.04.2016;60.0
06.04.2016;61.0
07.04.2016;61.0
08.04.2016;61.0
09.04.2016;62.0
10.04.2016;64.0
11.04.2016;65.0
12.04.2016;65.0
13.04.2016;66.0
14.04.2016;66.0
15.04.2016;68.0
16.04.2016;68.0
17.04.2016;68.0
18.04.2016;69.0
19.04.2016;69.0
20.04.2016;71.0
21.04.2016;72.0
22.04.2016;71.0
23.04.2016;71.0
24.04.2016;70.0
25.04.2016;69.0
26.04.2016;70.0
27.04.2016;69.0
28.04.2016;71.0
29.04.2016;70.0
30.04.2016;72.0
01.05.2016;72.0
02.05.2016;72.0
03.05.2016;72.0
04.05.2016;74.0
05.05.2016;87.0
06.05.2016;100.0
07.05.2016;93.0
08.05.2016;90.0
09.05.2016;88.0
10.05.2016;88.0
11.05.2016;90.0
12.05.2016;89.0
13.05.2016;89.0
14.05.2016;90.0
15.05.2016;100.0
16.05.2016;120.0
17.05.2016;119.0
18.05.2016;120.0
19.05.2016;121.0
20.05.2016;124.0
21.05.2016;128.0
22.05.2016;132.0
23.05.2016;133.0
24.05.2016;137.0
25.05.2016;140.0
26.05.2016;143.0
27.05.2016;145.0
28.05.2016;148.0
29.05.2016;151.0
30.05.2016;153.0
31.05.2016;154.0
01.06.2016;156.0
02.06.2016;170.0
03.06.2016;169.0
04.06.2016;166.0
05.06.2016;167.0
06.06.2016;168.0
07.06.2016;170.0
08.06.2016;171.0
09.06.2016;174.0
10.06.2016;175.0
11.06.2016;176.0
12.06.2016;178.0
13.06.2016;179.0
14.06.2016;181.0
15.06.2016;180.0
16.06.2016;182.0
17.06.2016;183.0
18.06.2016;182.0
19.06.2016;184.0
20.06.2016;193.0
21.06.2016;195.0
22.06.2016;189.0
23.06.2016;188.0
24.06.2016;189.0
25.06.2016;189.0
26.06.2016;189.0
27.06.2016;190.0
28.06.2016;189.0
29.06.2016;190.0
30.06.2016;191.0
01.07.2016;190.0
02.07.2016;191.0
03.07.2016;202.0
04.07.2016;193.0
05.07.2016;193.0
06.07.2016;188.0
07.07.2016;192.0
08.07.2016;192.0
09.07.2016;191.0
10.07.2016;191.0
11.07.2016;192.0
12.07.2016;191.0
13.07.2016;213.0
14.07.2016;308.0
15.07.2016;218.0
16.07.2016;203.0
17.07.2016;200.0
18.07.2016;202.0
19.07.2016;201.0
20.07.2016;201.0
21.07.2016;202.0
22.07.2016;202.0
23.07.2016;210.0
24.07.2016;205.0
25.07.2016;205.0
26.07.2016;206.0
27.07.2016;207.0
28.07.2016;277.0
29.07.2016;220.0
30.07.2016;214.0
31.07.2016;214.0
01.08.2016;214.0
02.08.2016;215.0
03.08.2016;216.0
04.08.2016;217.0
05.08.2016;217.0
06.08.2016;223.0
07.08.2016;221.0
08.08.2016;221.0
09.08.2016;222.0
10.08.2016;308.0
11.08.2016;260.0
12.08.2016;234.0
13.08.2016;239.0
14.08.2016;237.0
15.08.2016;236.0
16.08.2016;236.0
17.08.2016;238.0
18.08.2016;238.0
19.08.2016;240.0
20.08.2016;241.0
21.08.2016;248.0
22.08.2016;244.0
23.08.2016;244.0
24.08.2016;245.0
25.08.2016;246.0
26.08.2016;247.0
27.08.2016;248.0
28.08.2016;248.0
29.08.2016;303.0
30.08.2016;262.0
31.08.2016;254.0
01.09.2016;253.0
02.09.2016;253.0
03.09.2016;254.0
04.09.2016;254.0
05.09.2016;255.0
06.09.2016;319.0
07.09.2016;304.0
08.09.2016;269.0
09.09.2016;263.0
10.09.2016;262.0
11.09.2016;262.0
12.09.2016;263.0
13.09.2016;263.0
14.09.2016;265.0
15.09.2016;265.0
16.09.2016;265.0
17.09.2016;266.0
18.09.2016;266.0
19.09.2016;283.0
20.09.2016;461.0
21.09.2016;314.0
22.09.2016;285.0
23.09.2016;280.0
24.09.2016;281.0
25.09.2016;281.0
26.09.2016;284.0
27.09.2016;284.0
28.09.2016;285.0
29.09.2016;288.0
30.09.2016;288.0
01.10.2016;290.0
02.10.2016;290.0
03.10.2016;290.0
04.10.2016;345.0
05.10.2016;330.0
06.10.2016;318.0
07.10.2016;343.0
08.10.2016;316.0
09.10.2016;311.0
10.10.2016;309.0
11.10.2016;315.0
12.10.2016;358.0
13.10.2016;340.0
14.10.2016;325.0
15.10.2016;322.0
16.10.2016;324.0
17.10.2016;326.0
18.10.2016;328.0
19.10.2016;333.0
20.10.2016;373.0
21.10.2016;361.0
22.10.2016;346.0
23.10.2016;345.0
24.10.2016;346.0
25.10.2016;349.0
26.10.2016;350.0
27.10.2016;352.0
28.10.2016;354.0
29.10.2016;357.0
30.10.2016;373.0
31.10.2016;360.0
01.11.2016;362.0
02.11.2016;364.0
03.11.2016;365.0
04.11.2016;366.0
05.11.2016;369.0
06.11.2016;384.0
07.11.2016;404.0
08.11.2016;382.0
09.11.2016;377.0
10.11.2016;375.0
11.11.2016;377.0
12.11.2016;395.0
13.11.2016;387.0
14.11.2016;381.0
15.11.2016;382.0
16.11.2016;408.0
17.11.2016;421.0
18.11.2016;400.0
19.11.2016;393.0
20.11.2016;394.0
21.11.2016;395.0
22.11.2016;396.0
23.11.2016;398.0
24.11.2016;399.0
25.11.2016;400.0
26.11.2016;402.0
27.11.2016;402.0
28.11.2016;403.0
29.11.2016;402.0
30.11.2016;400.0
01.12.2016;401.0
02.12.2016;401.0
03.12.2016;399.0
04.12.2016;398.0
05.12.2016;399.0
06.12.2016;398.0
07.12.2016;399.0
08.12.2016;398.0
09.12.2016;397.0
10.12.2016;397.0
11.12.2016;398.0
12.12.2016;412.0
13.12.2016;427.0
14.12.2016;408.0
15.12.2016;393.0
16.12.2016;398.0
17.12.2016;398.0
18.12.2016;397.0
19.12.2016;396.0
20.12.2016;394.0
21.12.2016;394.0
22.12.2016;392.0
23.12.2016;390.0
24.12.2016;391.0
25.12.2016;393.0
26.12.2016;393.0
27.12.2016;406.0
28.12.2016;405.0
29.12.2016;417.0
30.12.2016;393.0
31.12.2016;389.0
